dataset,sample_id,service,locale,duration_s,reference,hypothesis,wer,sentence_error,ins,del,sub,ref_len,first_latency_ms,lbl_ms,upl_ms,upl_self_ms,upl_anchor,speech_start_s,speech_end_s,boundary_fix_action,first_word_start_s,last_word_end_s,vad_truncated_s,error
de-DE_DT1,1l_de-DE_male-DT1/Vorherigen Titel abspielen.wav,realtime,de-DE,4.2,Vorherigen Titel abspielen,Vorherigen Titel abspielen.,0.0,0,0,0,0,3,2104.1,-472.5,468.1,468.1,realtime,1.22,3.26,none,1.22,3.26,,
de-DE_DT1,1l_de-DE_male-DT1/Vorherigen Titel abspielen.wav,realtime_refine,de-DE,4.2,Vorherigen Titel abspielen,Vorherigen Titel abspielen.,0.0,0,0,0,0,3,1630.3,280.0,1300.4,1300.4,realtime,1.22,3.26,none,1.26,3.18,,
de-DE_DT1,1l_de-DE_male-DT1/Vorherigen Titel abspielen.wav,fast_mai,de-DE,4.2,Vorherigen Titel abspielen,Vorherigen Titel abschließen.,0.3333,1,0,0,1,3,4217.1,416.9,957.2,457.2,realtime,1.22,3.26,none,,,3.76,
de-DE_DT1,1l_de-DE_male-DT1/Vorherigen Titel abspielen.wav,fast_llm,de-DE,4.2,Vorherigen Titel abspielen,Vorherigen Titel abspielen,0.0,0,0,0,0,3,4260.5,460.2,1000.6,1030.6,realtime,1.22,3.26,none,,,3.76,
de-DE_DT1,1l_de-DE_male-DT1/Vorherigen Titel abspielen.wav,fast_default,de-DE,4.2,Vorherigen Titel abspielen,vorherigen Titel abspielen,0.0,0,0,0,0,3,4383.1,589.5,1129.9,1189.9,realtime,1.22,3.26,none,,,3.76,
de-DE_DT1,1l_de-DE_female-DT1/Autofenster halb öffnen.wav,realtime,de-DE,6.34,Autofenster halb öffnen,Autofenster halt öffnen.,0.3333,1,0,0,1,3,1621.9,-2196.2,744.5,744.5,realtime,1.78,3.46,none,1.78,3.46,,
de-DE_DT1,1l_de-DE_female-DT1/Autofenster halb öffnen.wav,realtime_refine,de-DE,6.34,Autofenster halb öffnen,Autofenster halb öffnen,0.0,0,0,0,0,3,1263.2,-1685.5,1315.1,1315.1,realtime,1.78,3.46,none,1.8,3.4,,
de-DE_DT1,1l_de-DE_female-DT1/Autofenster halb öffnen.wav,fast_mai,de-DE,6.34,Autofenster halb öffnen,Autofenster halb öffnen.,0.0,0,0,0,0,3,4451.4,450.5,991.4,491.4,realtime,1.78,3.46,none,,,3.96,
de-DE_DT1,1l_de-DE_female-DT1/Autofenster halb öffnen.wav,fast_llm,de-DE,6.34,Autofenster halb öffnen,Autofenster halb öffnen.,0.0,0,0,0,0,3,4468.3,467.4,1008.3,1078.3,realtime,1.78,3.46,none,,,3.96,
de-DE_DT1,1l_de-DE_female-DT1/Autofenster halb öffnen.wav,fast_default,de-DE,6.34,Autofenster halb öffnen,Autofenster halb öffnen.,0.0,0,0,0,0,3,4607.5,607.2,1147.5,1247.5,realtime,1.78,3.46,none,,,3.96,
de-DE_DT1,1l_de-DE_female-DT1/Fahren Sie nach Birmingham.wav,realtime,de-DE,6.09,Fahren Sie nach Birmingham,,1.0,1,0,4,0,4,,,,,realtime,,,skip,,,,
de-DE_DT1,1l_de-DE_female-DT1/Fahren Sie nach Birmingham.wav,realtime_refine,de-DE,6.09,Fahren Sie nach Birmingham,,1.0,1,0,4,0,4,,,,,realtime,,,skip,,,,
de-DE_DT1,1l_de-DE_female-DT1/Fahren Sie nach Birmingham.wav,fast_mai,de-DE,6.09,Fahren Sie nach Birmingham,,1.0,1,0,4,0,4,6510.3,409.5,420.4,420.4,self,,,skip,,,,
de-DE_DT1,1l_de-DE_female-DT1/Fahren Sie nach Birmingham.wav,fast_llm,de-DE,6.09,Fahren Sie nach Birmingham,And.,1.0,1,0,3,1,4,6580.2,480.1,2110.2,2110.2,self,,,skip,,,,
de-DE_DT1,1l_de-DE_female-DT1/Fahren Sie nach Birmingham.wav,fast_default,de-DE,6.09,Fahren Sie nach Birmingham,,1.0,1,0,4,0,4,6693.6,592.7,,,,,,skip,,,,
de-DE_DT1,1l_de-DE_male-DT1/Scheinwerfer auf dritte Stufe einstellen.wav,realtime,de-DE,6.15,Scheinwerfer auf dritte Stufe einstellen,Feinwerfer auf dritte Stufe einstellen.,0.2,1,0,0,1,5,1727.9,-665.9,904.6,904.6,realtime,1.71,4.63,none,1.71,4.63,,
de-DE_DT1,1l_de-DE_male-DT1/Scheinwerfer auf dritte Stufe einstellen.wav,realtime_refine,de-DE,6.15,Scheinwerfer auf dritte Stufe einstellen,Scheinwerfer auf dritte Stufe einstellen.,0.0,0,0,0,0,5,1511.6,-373.3,1237.3,1237.3,realtime,1.71,4.63,none,1.75,4.59,,
de-DE_DT1,1l_de-DE_male-DT1/Scheinwerfer auf dritte Stufe einstellen.wav,fast_mai,de-DE,6.15,Scheinwerfer auf dritte Stufe einstellen,Scheinwerfer auf dritte Stufe einstellen.,0.0,0,0,0,0,5,5659.1,458.8,1029.2,529.2,realtime,1.71,4.63,none,,,5.13,
de-DE_DT1,1l_de-DE_male-DT1/Scheinwerfer auf dritte Stufe einstellen.wav,fast_llm,de-DE,6.15,Scheinwerfer auf dritte Stufe einstellen,Feinwerfer auf dritte Stufe einstellen.,0.2,1,0,0,1,5,7124.3,1923.6,2494.4,2454.4,realtime,1.71,4.63,none,,,5.13,
de-DE_DT1,1l_de-DE_male-DT1/Scheinwerfer auf dritte Stufe einstellen.wav,fast_default,de-DE,6.15,Scheinwerfer auf dritte Stufe einstellen,Scheinwerfer auf dritte Stufe einstellen.,0.0,0,0,0,0,5,7242.0,2041.7,2612.1,2602.1,realtime,1.71,4.63,none,,,5.13,
de-DE_DT1,1l_de-DE_female-DT1/Navigation stummschalten.wav,realtime,de-DE,5.08,Navigation stummschalten,,1.0,1,0,2,0,2,,,,,realtime,,,skip,,,,
de-DE_DT1,1l_de-DE_female-DT1/Navigation stummschalten.wav,realtime_refine,de-DE,5.08,Navigation stummschalten,Navigation in Childing.,1.0,1,1,0,1,2,,-112.5,1707.8,1707.8,realtime,,,skip,1.8,3.28,,
de-DE_DT1,1l_de-DE_female-DT1/Navigation stummschalten.wav,fast_llm,de-DE,5.08,Navigation stummschalten,Navigation beenden.,0.5,1,0,0,1,2,5565.2,465.2,2175.4,2175.4,self,,,skip,,,,
de-DE_DT1,1l_de-DE_female-DT1/Navigation stummschalten.wav,fast_mai,de-DE,5.08,Navigation stummschalten,Navigationsentscheidungen.,1.0,1,0,1,1,2,5661.7,561.2,581.8,581.8,self,,,skip,,,,
de-DE_DT1,1l_de-DE_female-DT1/Navigation stummschalten.wav,fast_default,de-DE,5.08,Navigation stummschalten,I've got something silent.,2.5,1,3,0,2,2,5750.2,650.2,2310.4,2310.4,self,,,skip,,,,
de-DE_DT1,1l_de-DE_female-DT1/Fahrtenanzeige öffnen.wav,realtime,de-DE,4.53,Fahrtenanzeige öffnen,Daten Anzeige öffnen.,1.0,1,1,0,1,2,1303.2,-896.3,634.4,634.4,realtime,1.95,3.07,trim_first,1.67,3.07,,
de-DE_DT1,1l_de-DE_female-DT1/Fahrtenanzeige öffnen.wav,realtime_refine,de-DE,4.53,Fahrtenanzeige öffnen,Datenanzeige öffnen.,0.5,1,0,0,1,2,1296.4,-489.5,1141.6,1141.6,realtime,1.95,3.07,trim_first,1.69,2.97,,
de-DE_DT1,1l_de-DE_female-DT1/Fahrtenanzeige öffnen.wav,fast_mai,de-DE,4.53,Fahrtenanzeige öffnen,Datenanzeige öffnen.,0.5,1,0,0,1,2,4045.3,444.6,975.3,475.3,realtime,1.95,3.07,trim_first,,,3.57,
de-DE_DT1,1l_de-DE_female-DT1/Fahrtenanzeige öffnen.wav,fast_llm,de-DE,4.53,Fahrtenanzeige öffnen,Datenanzeige öffnen.,0.5,1,0,0,1,2,4072.1,471.8,1002.1,1082.1,realtime,1.95,3.07,trim_first,,,3.57,
de-DE_DT1,1l_de-DE_female-DT1/Fahrtenanzeige öffnen.wav,fast_default,de-DE,4.53,Fahrtenanzeige öffnen,Datenanzeige öffnen.,0.5,1,0,0,1,2,4174.2,574.0,1104.3,1214.3,realtime,1.95,3.07,trim_first,,,3.57,
de-DE_DT1,1l_de-DE_female-DT1/Linke Rücksitzbelüftung leicht erhöhen.wav,realtime,de-DE,5.72,Linke Rücksitzbelüftung leicht erhöhen,,1.0,1,0,4,0,4,,,,,realtime,,,skip,,,,
de-DE_DT1,1l_de-DE_female-DT1/Linke Rücksitzbelüftung leicht erhöhen.wav,realtime_refine,de-DE,5.72,Linke Rücksitzbelüftung leicht erhöhen,Was war das für ein Film?,1.5,1,2,0,4,4,,-607.2,1163.4,1163.4,realtime,,,skip,2.99,4.03,,
de-DE_DT1,1l_de-DE_female-DT1/Linke Rücksitzbelüftung leicht erhöhen.wav,fast_llm,de-DE,5.72,Linke Rücksitzbelüftung leicht erhöhen,Last week.,1.0,1,0,2,2,4,6244.3,443.7,2334.5,2334.5,self,,,skip,,,,
de-DE_DT1,1l_de-DE_female-DT1/Linke Rücksitzbelüftung leicht erhöhen.wav,fast_mai,de-DE,5.72,Linke Rücksitzbelüftung leicht erhöhen,Alles dafür.,1.0,1,0,2,2,4,6344.9,544.9,625.1,625.1,self,,,skip,,,,
de-DE_DT1,1l_de-DE_female-DT1/Linke Rücksitzbelüftung leicht erhöhen.wav,fast_default,de-DE,5.72,Linke Rücksitzbelüftung leicht erhöhen,,1.0,1,0,4,0,4,6392.5,592.1,,,,,,skip,,,,
de-DE_DT1,1l_de-DE_female-DT1/Lüfter um 1 Stufe erhöhen.wav,realtime,de-DE,6.91,Lüfter um 1 Stufe erhöhen,Um eine Stufe erhöhen.,0.4,1,0,1,1,5,1671.5,-1595.9,714.7,714.7,realtime,3.01,4.69,none,3.01,4.69,,
de-DE_DT1,1l_de-DE_female-DT1/Lüfter um 1 Stufe erhöhen.wav,realtime_refine,de-DE,6.91,Lüfter um 1 Stufe erhöhen,Auf eine Stufe erhöhen.,0.6,1,0,1,2,5,1672.2,-1251.3,1129.3,1129.3,realtime,3.01,4.69,none,3.02,4.62,,
de-DE_DT1,1l_de-DE_female-DT1/Lüfter um 1 Stufe erhöhen.wav,fast_mai,de-DE,6.91,Lüfter um 1 Stufe erhöhen,um eine Stufe erhöhen.,0.4,1,0,1,1,5,5672.6,472.2,982.7,482.7,realtime,3.01,4.69,none,,,5.19,
de-DE_DT1,1l_de-DE_female-DT1/Lüfter um 1 Stufe erhöhen.wav,fast_llm,de-DE,6.91,Lüfter um 1 Stufe erhöhen,Um eine Stufe erhöhen.,0.4,1,0,1,1,5,5720.9,520.3,1031.0,1051.0,realtime,3.01,4.69,none,,,5.19,
de-DE_DT1,1l_de-DE_female-DT1/Lüfter um 1 Stufe erhöhen.wav,fast_default,de-DE,6.91,Lüfter um 1 Stufe erhöhen,"Um eine Stufe, esslin.",0.6,1,0,1,2,5,5778.4,578.3,1088.6,1138.6,realtime,3.01,4.69,none,,,5.19,
de-DE_DT1,1l_de-DE_male-DT1/Vorderen Bereich etwas erwärmen.wav,realtime,de-DE,4.79,Vorderen Bereich etwas erwärmen,,1.0,1,0,4,0,4,,,,,realtime,,,skip,,,,
de-DE_DT1,1l_de-DE_male-DT1/Vorderen Bereich etwas erwärmen.wav,realtime_refine,de-DE,4.79,Vorderen Bereich etwas erwärmen,"Jetzt.What are the new lives, everyone?",1.75,1,3,0,4,4,,-29.0,1881.6,1881.6,realtime,,,skip,0.08,2.89,,
de-DE_DT1,1l_de-DE_male-DT1/Vorderen Bereich etwas erwärmen.wav,fast_mai,de-DE,4.79,Vorderen Bereich etwas erwärmen,So oder mit mir war ich etwas jünger.,1.75,1,4,0,3,4,5304.6,504.5,514.7,514.7,self,,,skip,,,,
de-DE_DT1,1l_de-DE_male-DT1/Vorderen Bereich etwas erwärmen.wav,fast_llm,de-DE,4.79,Vorderen Bereich etwas erwärmen,What are the nearby restaurants?,1.25,1,1,0,4,4,5343.1,543.0,1713.2,1713.2,self,,,skip,,,,
de-DE_DT1,1l_de-DE_male-DT1/Vorderen Bereich etwas erwärmen.wav,fast_default,de-DE,4.79,Vorderen Bereich etwas erwärmen,What are there like?,1.0,1,0,0,4,4,5450.2,649.8,3050.3,3050.3,self,,,skip,,,,
de-DE_DT1,1l_de-DE_male-DT1/Sitzheizung leicht senken.wav,realtime,de-DE,5.17,Sitzheizung leicht senken,Sitzheizung leicht senken.,0.0,0,0,0,0,3,1329.3,-579.7,660.8,660.8,realtime,1.44,3.96,none,1.44,3.96,,
de-DE_DT1,1l_de-DE_male-DT1/Sitzheizung leicht senken.wav,realtime_refine,de-DE,5.17,Sitzheizung leicht senken,Sitzheizung leicht senken,0.0,0,0,0,0,3,1291.3,-239.7,1080.6,1080.6,realtime,1.44,3.96,none,1.48,3.88,,
de-DE_DT1,1l_de-DE_male-DT1/Sitzheizung leicht senken.wav,fast_default,de-DE,5.17,Sitzheizung leicht senken,Sitzheizung leicht senken.,0.0,0,0,0,0,3,4872.3,372.1,912.5,1032.5,realtime,1.44,3.96,none,,,4.46,
de-DE_DT1,1l_de-DE_male-DT1/Sitzheizung leicht senken.wav,fast_llm,de-DE,5.17,Sitzheizung leicht senken,Sitzheizung leicht senken,0.0,0,0,0,0,3,4959.3,459.2,999.6,1089.6,realtime,1.44,3.96,none,,,4.46,
de-DE_DT1,1l_de-DE_male-DT1/Sitzheizung leicht senken.wav,fast_mai,de-DE,5.17,Sitzheizung leicht senken,Sitzheizung leicht senken.,0.0,0,0,0,0,3,4975.7,474.8,1015.7,515.7,realtime,1.44,3.96,none,,,4.46,
de-DE_DT1,1l_de-DE_male-DT1/Kartenansicht auf 2D einstellen.wav,realtime,de-DE,5.7,Kartenansicht auf 2D einstellen,Artenansicht auf 2 d Einstellungen.,1.0,1,1,0,3,4,1598.8,-441.5,749.3,749.3,realtime,1.19,3.63,trim_last,1.19,4.51,,
de-DE_DT1,1l_de-DE_male-DT1/Kartenansicht auf 2D einstellen.wav,realtime_refine,de-DE,5.7,Kartenansicht auf 2D einstellen,Datenansicht auf 2W einstellen.,0.5,1,0,0,2,4,1584.1,-128.7,1301.8,1301.8,realtime,1.19,3.63,trim_last,1.19,4.27,,
de-DE_DT1,1l_de-DE_male-DT1/Kartenansicht auf 2D einstellen.wav,fast_mai,de-DE,5.7,Kartenansicht auf 2D einstellen,Atemansicht auf 2D einstellen.,0.25,1,0,0,1,4,4660.3,460.8,1031.2,531.2,realtime,1.19,3.63,trim_last,,,4.13,
de-DE_DT1,1l_de-DE_male-DT1/Kartenansicht auf 2D einstellen.wav,fast_llm,de-DE,5.7,Kartenansicht auf 2D einstellen,Kartenansicht auf 2 d einstellen.,0.5,1,1,0,1,4,4694.3,494.2,1064.7,574.7,realtime,1.19,3.63,trim_last,,,4.13,
de-DE_DT1,1l_de-DE_male-DT1/Kartenansicht auf 2D einstellen.wav,fast_default,de-DE,5.7,Kartenansicht auf 2D einstellen,Artenansicht auf 2 W einstellen.,0.75,1,1,0,2,4,4809.0,608.8,1179.1,729.1,realtime,1.19,3.63,trim_last,,,4.13,
de-DE_DT1,1l_de-DE_female-DT1/Eco-Fahrmodus aktivieren.wav,realtime,de-DE,6.65,Eco-Fahrmodus aktivieren,,1.0,1,0,3,0,3,,,,,realtime,,,skip,,,,
de-DE_DT1,1l_de-DE_female-DT1/Eco-Fahrmodus aktivieren.wav,realtime_refine,de-DE,6.65,Eco-Fahrmodus aktivieren,,1.0,1,0,3,0,3,,,,,realtime,,,skip,,,,
de-DE_DT1,1l_de-DE_female-DT1/Eco-Fahrmodus aktivieren.wav,fast_mai,de-DE,6.65,Eco-Fahrmodus aktivieren,Was sagt ihr mir eigentlich?,1.6667,1,2,0,3,3,7202.2,501.7,552.2,552.2,self,,,skip,,,,
de-DE_DT1,1l_de-DE_female-DT1/Eco-Fahrmodus aktivieren.wav,fast_llm,de-DE,6.65,Eco-Fahrmodus aktivieren,Est-ce que tu es un?,2.0,1,3,0,3,3,7213.8,513.7,2784.0,2784.0,self,,,skip,,,,
de-DE_DT1,1l_de-DE_female-DT1/Eco-Fahrmodus aktivieren.wav,fast_default,de-DE,6.65,Eco-Fahrmodus aktivieren,,1.0,1,0,3,0,3,7338.1,637.7,,,,,,skip,,,,
de-DE_DT1,1l_de-DE_female-DT1/Die letzte.wav,realtime,de-DE,4.58,Die letzte,Die letzte.,0.0,0,0,0,0,2,1280.1,-1101.7,859.1,859.1,realtime,1.8,2.64,none,1.8,2.64,,
de-DE_DT1,1l_de-DE_female-DT1/Die letzte.wav,realtime_refine,de-DE,4.58,Die letzte,die letzte,0.0,0,0,0,0,2,1326.4,-830.7,1129.9,1129.9,realtime,1.8,2.64,none,1.76,2.64,,
de-DE_DT1,1l_de-DE_female-DT1/Die letzte.wav,fast_llm,de-DE,4.58,Die letzte,He left the...,1.5,1,1,0,2,2,3627.9,427.3,987.8,1037.8,realtime,1.8,2.64,none,,,3.14,
de-DE_DT1,1l_de-DE_female-DT1/Die letzte.wav,fast_mai,de-DE,4.58,Die letzte,Die letzte.,0.0,0,0,0,0,2,3655.6,455.3,1015.6,515.6,realtime,1.8,2.64,none,,,3.14,
de-DE_DT1,1l_de-DE_female-DT1/Die letzte.wav,fast_default,de-DE,4.58,Die letzte,Die letzte.,0.0,0,0,0,0,2,3788.9,588.7,1149.0,1149.0,realtime,1.8,2.64,none,,,3.14,
de-DE_DT1,1l_de-DE_male-DT1/Luftstrom nach vorn ausrichten.wav,realtime,de-DE,5.69,Luftstrom nach vorn ausrichten,Luftstrom nach vorne ist nicht.,0.75,1,1,0,2,4,1599.3,-875.3,785.4,785.4,realtime,1.56,3.68,trim_last,1.56,4.04,,
de-DE_DT1,1l_de-DE_male-DT1/Luftstrom nach vorn ausrichten.wav,realtime_refine,de-DE,5.69,Luftstrom nach vorn ausrichten,Luftstrom nach Bonn heißt es.,0.75,1,1,0,2,4,1582.8,-546.3,1174.3,1174.3,realtime,1.56,3.68,trim_last,1.58,3.98,,
de-DE_DT1,1l_de-DE_male-DT1/Luftstrom nach vorn ausrichten.wav,fast_mai,de-DE,5.69,Luftstrom nach vorn ausrichten,Luftstrom nach Bornwestlich.,0.5,1,0,1,1,4,4623.8,423.7,944.0,444.0,realtime,1.56,3.68,trim_last,,,4.18,
de-DE_DT1,1l_de-DE_male-DT1/Luftstrom nach vorn ausrichten.wav,fast_llm,de-DE,5.69,Luftstrom nach vorn ausrichten,Luftstrom nach Vorwärts ist.,0.5,1,0,0,2,4,4668.3,467.9,988.4,638.4,realtime,1.56,3.68,trim_last,,,4.18,
de-DE_DT1,1l_de-DE_male-DT1/Luftstrom nach vorn ausrichten.wav,fast_default,de-DE,5.69,Luftstrom nach vorn ausrichten,Luftstrom nach Bonn assist.,0.5,1,0,0,2,4,4798.4,598.1,1118.5,798.5,realtime,1.56,3.68,trim_last,,,4.18,
de-DE_DT1,1l_de-DE_male-DT1/Automatische Belüftung beim Entriegeln deaktivieren.wav,realtime,de-DE,6.66,Automatische Belüftung beim Entriegeln deaktivieren,Automatische Belüftung.,0.6,1,0,3,0,5,1587.8,-1360.5,1460.0,1460.0,realtime,,,skip,1.48,3.88,,
de-DE_DT1,1l_de-DE_male-DT1/Automatische Belüftung beim Entriegeln deaktivieren.wav,realtime_refine,de-DE,6.66,Automatische Belüftung beim Entriegeln deaktivieren,"Altamonte served neutral by Centenegio, the electron.",1.4,1,2,0,5,5,1555.7,58.3,2519.0,2519.0,realtime,,,skip,1.52,4.24,,
de-DE_DT1,1l_de-DE_male-DT1/Automatische Belüftung beim Entriegeln deaktivieren.wav,fast_llm,de-DE,6.66,Automatische Belüftung beim Entriegeln deaktivieren,"Automatischer Refill bei San Diego, Elias.",1.2,1,1,0,5,5,7236.0,535.6,2966.1,2966.1,self,,,skip,,,,
de-DE_DT1,1l_de-DE_male-DT1/Automatische Belüftung beim Entriegeln deaktivieren.wav,fast_mai,de-DE,6.66,Automatische Belüftung beim Entriegeln deaktivieren,Automatische Benutzung bei 3D-Druck.,0.8,1,0,0,4,5,7221.1,519.3,560.1,560.1,self,,,skip,,,,
de-DE_DT1,1l_de-DE_male-DT1/Automatische Belüftung beim Entriegeln deaktivieren.wav,fast_default,de-DE,6.66,Automatische Belüftung beim Entriegeln deaktivieren,Altamonte server neutral by Centenegio.,1.0,1,0,0,5,5,7456.1,753.3,3374.0,3374.0,self,,,skip,,,,
de-DE_DT1,1l_de-DE_female-DT1/Automatische Belüftung beim Entriegeln deaktivieren.wav,realtime,de-DE,7.07,Automatische Belüftung beim Entriegeln deaktivieren,Automatische Belastung bei den Deaktivieren.,0.6,1,0,0,3,5,1377.6,-952.6,958.4,958.4,realtime,,,skip,2.59,5.19,,
de-DE_DT1,1l_de-DE_female-DT1/Automatische Belüftung beim Entriegeln deaktivieren.wav,realtime_refine,de-DE,7.07,Automatische Belüftung beim Entriegeln deaktivieren,Automatische Belüftung bei den Dingern deaktivieren.,0.6,1,1,0,2,5,1417.0,-717.9,1232.5,1232.5,realtime,,,skip,2.55,5.15,,
de-DE_DT1,1l_de-DE_female-DT1/Automatische Belüftung beim Entriegeln deaktivieren.wav,fast_llm,de-DE,7.07,Automatische Belüftung beim Entriegeln deaktivieren,Smart trip planner by Nitin P. A. P. V. A.,2.0,1,5,0,5,5,7695.7,595.1,2545.6,2545.6,self,,,skip,,,,
de-DE_DT1,1l_de-DE_female-DT1/Automatische Belüftung beim Entriegeln deaktivieren.wav,fast_mai,de-DE,7.07,Automatische Belüftung beim Entriegeln deaktivieren,"Automatische Belüftung bei Enten, Gänse und wie auch immer.",1.4,1,4,0,3,5,7803.5,702.9,733.4,733.4,self,,,skip,,,,
de-DE_DT1,1l_de-DE_female-DT1/Automatische Belüftung beim Entriegeln deaktivieren.wav,fast_default,de-DE,7.07,Automatische Belüftung beim Entriegeln deaktivieren,,1.0,1,0,5,0,5,7846.0,745.3,,,,,,skip,,,,
de-DE_DT1,1l_de-DE_female-DT1/Automatische Belüftung beim Entriegeln aktivieren.wav,realtime,de-DE,7.59,Automatische Belüftung beim Entriegeln aktivieren,,1.0,1,0,5,0,5,,,,,realtime,,,skip,,,,
de-DE_DT1,1l_de-DE_female-DT1/Automatische Belüftung beim Entriegeln aktivieren.wav,realtime_refine,de-DE,7.59,Automatische Belüftung beim Entriegeln aktivieren,Automatische Belüftung bei Entregeln aktivieren.,0.4,1,0,0,2,5,,-575.1,1265.2,1265.2,realtime,,,skip,3.12,5.76,,
de-DE_DT1,1l_de-DE_female-DT1/Automatische Belüftung beim Entriegeln aktivieren.wav,fast_mai,de-DE,7.59,Automatische Belüftung beim Entriegeln aktivieren,Automatische Vernetzung der Entwederung aktivieren,0.6,1,0,0,3,5,8073.1,472.6,483.1,483.1,self,,,skip,,,,
de-DE_DT1,1l_de-DE_female-DT1/Automatische Belüftung beim Entriegeln aktivieren.wav,fast_llm,de-DE,7.59,Automatische Belüftung beim Entriegeln aktivieren,Automatische Umlüftung bei Entgegen aktivieren.,0.6,1,0,0,3,5,8154.6,554.3,2364.7,2364.7,self,,,skip,,,,
de-DE_DT1,1l_de-DE_female-DT1/Automatische Belüftung beim Entriegeln aktivieren.wav,fast_default,de-DE,7.59,Automatische Belüftung beim Entriegeln aktivieren,Automatische Beliftung bei Enreaging aktivieren.,0.6,1,0,0,3,5,8745.8,1145.7,2986.0,2986.0,self,,,skip,,,,
de-DE_DT1,1l_de-DE_female-DT1/Diesen Sender aus den Favoriten löschen.wav,realtime,de-DE,6.34,Diesen Sender aus den Favoriten löschen,Favoritenliste hinzufügen.,1.0,1,0,4,2,6,1233.0,-1213.4,867.1,867.1,realtime,3.6,4.32,trim_first,2.64,4.32,,
de-DE_DT1,1l_de-DE_female-DT1/Diesen Sender aus den Favoriten löschen.wav,realtime_refine,de-DE,6.34,Diesen Sender aus den Favoriten löschen,Favoriten listing into the new talk.,1.0,1,0,0,6,6,1234.4,-109.5,1690.9,1690.9,realtime,3.6,4.32,trim_first,2.64,4.6,,
de-DE_DT1,1l_de-DE_female-DT1/Diesen Sender aus den Favoriten löschen.wav,fast_mai,de-DE,6.34,Diesen Sender aus den Favoriten löschen,Aber wie findet der hinzufügen?,1.0,1,0,1,5,6,5341.6,440.9,1021.7,521.7,realtime,3.6,4.32,trim_first,,,4.82,
de-DE_DT1,1l_de-DE_female-DT1/Diesen Sender aus den Favoriten löschen.wav,fast_llm,de-DE,6.34,Diesen Sender aus den Favoriten löschen,Favoreció un despeje en su espíritu.,1.0,1,0,0,6,6,5376.3,476.2,1056.4,906.4,realtime,3.6,4.32,trim_first,,,4.82,
de-DE_DT1,1l_de-DE_female-DT1/Diesen Sender aus den Favoriten löschen.wav,fast_default,de-DE,6.34,Diesen Sender aus den Favoriten löschen,Favoritenliste hinzufügen.,1.0,1,0,4,2,6,5590.8,690.4,1270.8,1270.8,realtime,3.6,4.32,trim_first,,,4.82,
de-DE_DT1,1l_de-DE_female-DT1/Linke Rücksitzbelüftung auf Maximum.wav,realtime,de-DE,5.64,Linke Rücksitzbelüftung auf Maximum,,1.0,1,0,4,0,4,,,,,realtime,,,skip,,,,
de-DE_DT1,1l_de-DE_female-DT1/Linke Rücksitzbelüftung auf Maximum.wav,realtime_refine,de-DE,5.64,Linke Rücksitzbelüftung auf Maximum,auf Maximum.,0.5,1,0,2,0,4,,-155.0,1515.7,1515.7,realtime,,,skip,3.15,4.03,,
de-DE_DT1,1l_de-DE_female-DT1/Linke Rücksitzbelüftung auf Maximum.wav,fast_default,de-DE,5.64,Linke Rücksitzbelüftung auf Maximum,Maximum.,0.75,1,0,3,0,4,6302.1,602.0,2302.1,2302.1,self,,,skip,,,,
de-DE_DT1,1l_de-DE_female-DT1/Linke Rücksitzbelüftung auf Maximum.wav,fast_mai,de-DE,5.64,Linke Rücksitzbelüftung auf Maximum,"Ja, aber du hast ja jetzt schon auf Max geimpft.",2.25,1,6,0,3,4,6246.0,545.6,605.9,605.9,self,,,skip,,,,
de-DE_DT1,1l_de-DE_female-DT1/Linke Rücksitzbelüftung auf Maximum.wav,fast_llm,de-DE,5.64,Linke Rücksitzbelüftung auf Maximum,auf Maxim.,0.75,1,0,2,1,4,6931.5,1231.3,2901.5,2901.5,self,,,skip,,,,
de-DE_DT1,1l_de-DE_male-DT1/Fenster öffnen.wav,realtime,de-DE,3.57,Fenster öffnen,Fenster öffnen.,0.0,0,0,0,0,2,1299.9,-780.1,340.8,340.8,realtime,1.29,2.48,none,1.29,2.48,,
de-DE_DT1,1l_de-DE_male-DT1/Fenster öffnen.wav,realtime_refine,de-DE,3.57,Fenster öffnen,Fenster öffnen,0.0,0,0,0,0,2,1254.9,29.4,1299.5,1299.5,realtime,1.29,2.48,none,1.33,2.33,,
de-DE_DT1,1l_de-DE_male-DT1/Fenster öffnen.wav,fast_llm,de-DE,3.57,Fenster öffnen,Fenster öffnen.,0.0,0,0,0,0,2,3437.9,437.4,958.1,1088.1,realtime,1.29,2.48,none,,,2.98,
de-DE_DT1,1l_de-DE_male-DT1/Fenster öffnen.wav,fast_mai,de-DE,3.57,Fenster öffnen,Fenster öffnen.,0.0,0,0,0,0,2,3514.3,513.6,1034.5,534.5,realtime,1.29,2.48,none,,,2.98,
de-DE_DT1,1l_de-DE_male-DT1/Fenster öffnen.wav,fast_default,de-DE,3.57,Fenster öffnen,Fenster öffnen.,0.0,0,0,0,0,2,3573.5,572.8,1093.6,1253.6,realtime,1.29,2.48,none,,,2.98,
de-DE_DT1,1l_de-DE_female-DT1/Linkes Hinterfenster auf 60 % öffnen.wav,realtime,de-DE,9.32,Linkes Hinterfenster auf 60 % öffnen,Hinterpanzer auf 60% öffnen.,0.4,1,0,1,1,5,2152.3,-2775.4,715.2,715.2,realtime,3.71,5.91,none,3.71,5.91,,
de-DE_DT1,1l_de-DE_female-DT1/Linkes Hinterfenster auf 60 % öffnen.wav,realtime_refine,de-DE,9.32,Linkes Hinterfenster auf 60 % öffnen,Bitte die Hintertanz auf 60% öffnen.,0.6,1,1,0,2,5,2703.6,-2320.6,1199.9,1199.9,realtime,3.71,5.91,none,3.16,5.88,,
de-DE_DT1,1l_de-DE_female-DT1/Linkes Hinterfenster auf 60 % öffnen.wav,fast_mai,de-DE,9.32,Linkes Hinterfenster auf 60 % öffnen,Die Hinterfenster auf 60% öffnen.,0.2,1,0,0,1,5,7002.9,502.4,1093.0,593.0,realtime,3.71,5.91,none,,,6.41,
de-DE_DT1,1l_de-DE_female-DT1/Linkes Hinterfenster auf 60 % öffnen.wav,fast_llm,de-DE,9.32,Linkes Hinterfenster auf 60 % öffnen,auf 60% öffnen.,0.4,1,0,2,0,5,6986.3,485.9,1076.4,1036.4,realtime,3.71,5.91,none,,,6.41,
de-DE_DT1,1l_de-DE_female-DT1/Linkes Hinterfenster auf 60 % öffnen.wav,fast_default,de-DE,9.32,Linkes Hinterfenster auf 60 % öffnen,auf 16% öffnen.,0.6,1,0,2,1,5,7195.8,695.3,1285.9,1275.9,realtime,3.71,5.91,none,,,6.41,
de-DE_DT1,1l_de-DE_male-DT1/Medienlautstärke verringern.wav,realtime,de-DE,5.08,Medienlautstärke verringern,Medienlautstärke verbinden.,0.5,1,0,0,1,2,1895.9,-759.7,791.0,791.0,realtime,1.47,3.55,none,1.47,3.55,,
de-DE_DT1,1l_de-DE_male-DT1/Medienlautstärke verringern.wav,realtime_refine,de-DE,5.08,Medienlautstärke verringern,Medienlautstärke verbinden,0.5,1,0,0,1,2,1845.8,-445.5,1095.1,1095.1,realtime,1.47,3.55,none,1.52,3.56,,
de-DE_DT1,1l_de-DE_male-DT1/Medienlautstärke verringern.wav,fast_llm,de-DE,5.08,Medienlautstärke verringern,Medium loudspeaker and subwoofer.,2.0,1,2,0,2,2,4563.8,463.3,1013.9,1133.9,realtime,1.47,3.55,none,,,4.05,
de-DE_DT1,1l_de-DE_male-DT1/Medienlautstärke verringern.wav,fast_mai,de-DE,5.08,Medienlautstärke verringern,Medienlautstärke verbinden.,0.5,1,0,0,1,2,4650.8,550.3,1100.7,600.7,realtime,1.47,3.55,none,,,4.05,
de-DE_DT1,1l_de-DE_male-DT1/Medienlautstärke verringern.wav,fast_default,de-DE,5.08,Medienlautstärke verringern,Medienlautstärke verbindet.,0.5,1,0,0,1,2,4788.1,687.7,1238.1,1188.1,realtime,1.47,3.55,none,,,4.05,
de-DE_DT1,1l_de-DE_male-DT1/Öffne das Fenster in der ersten Reihe.wav,realtime,de-DE,5.19,Öffne das Fenster in der ersten Reihe,Öffne das Fenster in der 1. Reihe.,0.1429,1,0,0,1,7,1283.7,-1049.3,351.0,351.0,realtime,1.29,3.8,none,1.29,3.8,,
de-DE_DT1,1l_de-DE_male-DT1/Öffne das Fenster in der ersten Reihe.wav,realtime_refine,de-DE,5.19,Öffne das Fenster in der ersten Reihe,Öffne das Fenster in der 1. Reihe.,0.1429,1,0,0,1,7,1256.8,286.3,1686.8,1686.8,realtime,1.29,3.8,none,1.32,3.8,,
de-DE_DT1,1l_de-DE_male-DT1/Öffne das Fenster in der ersten Reihe.wav,fast_mai,de-DE,5.19,Öffne das Fenster in der ersten Reihe,Öffne das Fenster in der ersten Reihe.,0.0,0,0,0,0,7,4798.4,497.9,998.4,498.4,realtime,1.29,3.8,none,,,4.3,
de-DE_DT1,1l_de-DE_male-DT1/Öffne das Fenster in der ersten Reihe.wav,fast_llm,de-DE,5.19,Öffne das Fenster in der ersten Reihe,Öffne das Fenster in der ersten Reihe.,0.0,0,0,0,0,7,4800.5,500.0,1000.5,1010.5,realtime,1.29,3.8,none,,,4.3,
de-DE_DT1,1l_de-DE_male-DT1/Öffne das Fenster in der ersten Reihe.wav,fast_default,de-DE,5.19,Öffne das Fenster in der ersten Reihe,Öffne das Fenster in der ersten Reihe.,0.0,0,0,0,0,7,4926.2,625.7,1126.2,1206.2,realtime,1.29,3.8,none,,,4.3,
de-DE_DT1,1l_de-DE_male-DT1/Klingelton stummschalten.wav,realtime,de-DE,4.32,Klingelton stummschalten,,1.0,1,0,2,0,2,,,,,realtime,,,skip,,,,
de-DE_DT1,1l_de-DE_male-DT1/Klingelton stummschalten.wav,realtime_refine,de-DE,4.32,Klingelton stummschalten,being it for all its constant.,3.0,1,4,0,2,2,,-152.8,1197.9,1197.9,realtime,,,skip,1.49,3.05,,
de-DE_DT1,1l_de-DE_male-DT1/Klingelton stummschalten.wav,fast_mai,de-DE,4.32,Klingelton stummschalten,Länge vor uns können es sein.,3.0,1,4,0,2,2,4794.0,393.6,474.1,474.1,self,,,skip,,,,
de-DE_DT1,1l_de-DE_male-DT1/Klingelton stummschalten.wav,fast_llm,de-DE,4.32,Klingelton stummschalten,Ring it for all expenses.,2.5,1,3,0,2,2,4881.9,481.8,1972.0,1972.0,self,,,skip,,,,
de-DE_DT1,1l_de-DE_male-DT1/Klingelton stummschalten.wav,fast_default,de-DE,4.32,Klingelton stummschalten,Meaning for all its constant.,2.5,1,3,0,2,2,5174.6,774.3,2134.7,2134.7,self,,,skip,,,,
de-DE_DT1,1l_de-DE_male-DT1/Scheinwerferhöhe auf mittel stellen.wav,realtime,de-DE,5.16,Scheinwerferhöhe auf mittel stellen,Scheinwerferhöhe auf Mittelstand.,0.5,1,0,1,1,4,1345.7,-588.4,791.8,791.8,realtime,1.22,3.82,none,1.22,3.82,,
de-DE_DT1,1l_de-DE_male-DT1/Scheinwerferhöhe auf mittel stellen.wav,realtime_refine,de-DE,5.16,Scheinwerferhöhe auf mittel stellen,Scheinwerferhöhe auf Mittelstand,0.5,1,0,1,1,4,1351.8,-266.4,1064.3,1064.3,realtime,1.22,3.82,none,1.23,3.87,,
de-DE_DT1,1l_de-DE_male-DT1/Scheinwerferhöhe auf mittel stellen.wav,fast_llm,de-DE,5.16,Scheinwerferhöhe auf mittel stellen,Scheinwerferhöhe auf Mittel stellen.,0.0,0,0,0,0,4,4895.3,495.0,1075.4,1105.4,realtime,1.22,3.82,none,,,4.32,
de-DE_DT1,1l_de-DE_male-DT1/Scheinwerferhöhe auf mittel stellen.wav,fast_mai,de-DE,5.16,Scheinwerferhöhe auf mittel stellen,Scheinwerferhöhe auf Mittel stellen.,0.0,0,0,0,0,4,4967.3,566.9,1147.3,647.3,realtime,1.22,3.82,none,,,4.32,
de-DE_DT1,1l_de-DE_male-DT1/Scheinwerferhöhe auf mittel stellen.wav,fast_default,de-DE,5.16,Scheinwerferhöhe auf mittel stellen,Scheinwerferhöhe auf Mittelstand.,0.5,1,0,1,1,4,5025.0,624.7,1205.1,1265.1,realtime,1.22,3.82,none,,,4.32,
de-DE_DT1,1l_de-DE_female-DT1/Kannst du die Lautstärke auf das Minimum einstellen.wav,realtime,de-DE,6.85,Kannst du die Lautstärke auf das Minimum einstellen,Die Lautstärke auf.,0.625,1,0,5,0,8,1358.2,-1379.7,2090.9,2090.9,realtime,,,skip,2.63,3.43,,
de-DE_DT1,1l_de-DE_female-DT1/Kannst du die Lautstärke auf das Minimum einstellen.wav,realtime_refine,de-DE,6.85,Kannst du die Lautstärke auf das Minimum einstellen,die Lautstärke auf minimum eighty,0.5,1,0,3,1,8,1397.7,-904.2,1526.2,1526.2,realtime,,,skip,2.59,4.47,,
de-DE_DT1,1l_de-DE_female-DT1/Kannst du die Lautstärke auf das Minimum einstellen.wav,fast_mai,de-DE,6.85,Kannst du die Lautstärke auf das Minimum einstellen,Die Lautstärke auf das Minimum einstellen.,0.25,1,0,2,0,8,7448.4,548.0,598.5,598.5,self,,,skip,,,,
de-DE_DT1,1l_de-DE_female-DT1/Kannst du die Lautstärke auf das Minimum einstellen.wav,fast_llm,de-DE,6.85,Kannst du die Lautstärke auf das Minimum einstellen,The large check off minimum action.,0.875,1,0,2,5,8,7426.5,525.9,2756.6,2756.6,self,,,skip,,,,
de-DE_DT1,1l_de-DE_female-DT1/Kannst du die Lautstärke auf das Minimum einstellen.wav,fast_default,de-DE,6.85,Kannst du die Lautstärke auf das Minimum einstellen,You last check of minimum agent.,0.875,1,0,2,5,8,7549.2,648.7,2829.3,2829.3,self,,,skip,,,,
de-DE_DT1,1l_de-DE_male-DT1/Autofenster halb öffnen.wav,realtime,de-DE,4.4,Autofenster halb öffnen,Autofenster halb öffnen.,0.0,0,0,0,0,3,1689.6,-993.9,326.8,326.8,realtime,1.2,3.08,none,1.2,3.08,,
de-DE_DT1,1l_de-DE_male-DT1/Autofenster halb öffnen.wav,realtime_refine,de-DE,4.4,Autofenster halb öffnen,Autofenster halb öffnen,0.0,0,0,0,0,3,1693.7,-45.7,1254.8,1254.8,realtime,1.2,3.08,none,1.18,3.1,,
de-DE_DT1,1l_de-DE_male-DT1/Autofenster halb öffnen.wav,fast_mai,de-DE,4.4,Autofenster halb öffnen,Autofenster halb öffnen,0.0,0,0,0,0,3,4043.6,443.1,963.6,463.6,realtime,1.2,3.08,none,,,3.58,
de-DE_DT1,1l_de-DE_male-DT1/Autofenster halb öffnen.wav,fast_llm,de-DE,4.4,Autofenster halb öffnen,Autofenster halb öffnen.,0.0,0,0,0,0,3,4064.4,463.8,984.4,1074.4,realtime,1.2,3.08,none,,,3.58,
de-DE_DT1,1l_de-DE_male-DT1/Autofenster halb öffnen.wav,fast_default,de-DE,4.4,Autofenster halb öffnen,Autofenster halt öffnen.,0.3333,1,0,0,1,3,4191.1,592.0,1112.6,1152.6,realtime,1.2,3.08,none,,,3.58,
de-DE_DT1,1l_de-DE_male-DT1/Wechseln Sie in den detaillierten Berichtsmodus.wav,realtime,de-DE,6.7,Wechseln Sie in den detaillierten Berichtsmodus,Wechseln Sie in den Weg zu.,0.3333,1,0,0,2,6,1886.6,-873.6,306.6,306.6,realtime,1.29,5.52,none,1.29,5.52,,
de-DE_DT1,1l_de-DE_male-DT1/Wechseln Sie in den detaillierten Berichtsmodus.wav,realtime_refine,de-DE,6.7,Wechseln Sie in den detaillierten Berichtsmodus,Wechseln Sie in den detaillierten Berichtsmüll.,0.1667,1,0,0,1,6,1870.1,-266.0,1745.1,1745.1,realtime,1.29,5.52,none,1.29,4.69,,
de-DE_DT1,1l_de-DE_male-DT1/Wechseln Sie in den detaillierten Berichtsmodus.wav,fast_llm,de-DE,6.7,Wechseln Sie in den detaillierten Berichtsmodus,Nächsten Sieg in den Blick von Jutland-Berichtsnummer.,1.0,1,2,0,4,6,6640.9,540.5,1120.9,1570.9,realtime,1.29,5.52,none,,,6.02,
de-DE_DT1,1l_de-DE_male-DT1/Wechseln Sie in den detaillierten Berichtsmodus.wav,fast_mai,de-DE,6.7,Wechseln Sie in den detaillierten Berichtsmodus,Wechseln Sie in den detaillierten Berichtsschnur.,0.1667,1,0,0,1,6,6779.6,679.2,1259.6,760.6,realtime,1.29,5.52,none,,,6.02,
de-DE_DT1,1l_de-DE_male-DT1/Wechseln Sie in den detaillierten Berichtsmodus.wav,fast_default,de-DE,6.7,Wechseln Sie in den detaillierten Berichtsmodus,Next term seat in the induit of Newton believes newer.,1.5,1,4,0,5,6,6894.8,794.5,1374.8,2174.8,realtime,1.29,5.52,none,,,6.02,
de-DE_DT1,1l_de-DE_male-DT1/Außenluftzirkulation einschalten.wav,realtime,de-DE,5.67,Außenluftzirkulation einschalten,Außenluftzirkulation einschalten.,0.0,0,0,0,0,2,1353.1,-1172.0,568.7,568.7,realtime,1.32,3.96,none,1.32,3.96,,
de-DE_DT1,1l_de-DE_male-DT1/Außenluftzirkulation einschalten.wav,realtime_refine,de-DE,5.67,Außenluftzirkulation einschalten,Außenluftzirkulation einschalten.,0.0,0,0,0,0,2,1305.8,-375.2,1245.6,1245.6,realtime,1.32,3.96,none,1.36,4.08,,
de-DE_DT1,1l_de-DE_male-DT1/Außenluftzirkulation einschalten.wav,fast_llm,de-DE,5.67,Außenluftzirkulation einschalten,Außenluftzirkulation einschalten.,0.0,0,0,0,0,2,4985.0,484.5,1025.1,795.1,realtime,1.32,3.96,none,,,4.46,
de-DE_DT1,1l_de-DE_male-DT1/Außenluftzirkulation einschalten.wav,fast_mai,de-DE,5.67,Außenluftzirkulation einschalten,Außenluft-Zirkulation einschalten.,1.0,1,1,0,1,2,5015.6,515.0,1055.6,555.6,realtime,1.32,3.96,none,,,4.46,
de-DE_DT1,1l_de-DE_male-DT1/Außenluftzirkulation einschalten.wav,fast_default,de-DE,5.67,Außenluftzirkulation einschalten,Außenluftzirkulation einschalten.,0.0,0,0,0,0,2,5120.5,620.2,1160.6,1040.6,realtime,1.32,3.96,none,,,4.46,
de-DE_DT2,1l_de-DE_male-DT2/Scheinwerfer auf dritte Stufe einstellen.wav,realtime,de-DE,6.15,Scheinwerfer auf dritte Stufe einstellen,Scheinwerfer Mittelstufe einstellen.,0.6,1,0,2,1,5,1571.1,-570.7,969.6,969.6,realtime,,,skip,1.7,4.66,,
de-DE_DT2,1l_de-DE_male-DT2/Scheinwerfer auf dritte Stufe einstellen.wav,realtime_refine,de-DE,6.15,Scheinwerfer auf dritte Stufe einstellen,Scheinwerfer Mittelstufe einschalten.,0.8,1,0,2,2,5,1561.7,-317.8,1252.5,1252.5,realtime,,,skip,1.71,4.63,,
de-DE_DT2,1l_de-DE_male-DT2/Scheinwerfer auf dritte Stufe einstellen.wav,fast_mai,de-DE,6.15,Scheinwerfer auf dritte Stufe einstellen,Steinwerfer auf Mittelstufe einstellen.,0.6,1,0,1,2,5,6702.1,502.1,552.3,552.3,self,,,skip,,,,
de-DE_DT2,1l_de-DE_male-DT2/Scheinwerfer auf dritte Stufe einstellen.wav,fast_llm,de-DE,6.15,Scheinwerfer auf dritte Stufe einstellen,Einwerfer Mittelstufe einstellen.,0.8,1,0,2,2,5,6763.7,563.6,2253.9,2253.9,self,,,skip,,,,
de-DE_DT2,1l_de-DE_male-DT2/Scheinwerfer auf dritte Stufe einstellen.wav,fast_default,de-DE,6.15,Scheinwerfer auf dritte Stufe einstellen,Scheinwerfer Dritte Stufe Einstellung.,0.4,1,0,1,1,5,7696.4,1496.1,3216.6,3216.6,self,,,skip,,,,
de-DE_DT1,1l_de-DE_female-DT1/Linke Rücksitzbelüftung auf Minimum.wav,realtime,de-DE,8.17,Linke Rücksitzbelüftung auf Minimum,Dann auch Minimum.,0.75,1,0,1,2,4,1733.9,-2199.0,881.6,881.6,realtime,4.4,5.12,trim_first,3.96,5.12,,
de-DE_DT1,1l_de-DE_female-DT1/Linke Rücksitzbelüftung auf Minimum.wav,realtime_refine,de-DE,8.17,Linke Rücksitzbelüftung auf Minimum,die Rücktrittsbelüftung auf Minimum,0.5,1,0,0,2,4,2475.3,-1792.6,1198.1,1198.1,realtime,4.4,5.12,trim_first,3.21,5.21,,
de-DE_DT1,1l_de-DE_female-DT1/Linke Rücksitzbelüftung auf Minimum.wav,fast_llm,de-DE,8.17,Linke Rücksitzbelüftung auf Minimum,Die Vortrittsbegriffung auch minimum.,0.75,1,0,0,3,4,6182.0,481.1,1062.1,872.1,realtime,4.4,5.12,trim_first,,,5.62,
de-DE_DT1,1l_de-DE_female-DT1/Linke Rücksitzbelüftung auf Minimum.wav,fast_mai,de-DE,8.17,Linke Rücksitzbelüftung auf Minimum,die Hochsitzbelüftung auch Minimum.,0.75,1,0,0,3,4,6290.4,590.1,1170.6,670.6,realtime,4.4,5.12,trim_first,,,5.62,
de-DE_DT1,1l_de-DE_female-DT1/Linke Rücksitzbelüftung auf Minimum.wav,fast_default,de-DE,8.17,Linke Rücksitzbelüftung auf Minimum,auch minimum.,0.75,1,0,2,1,4,6950.3,1250.1,1830.3,1590.3,realtime,4.4,5.12,trim_first,,,5.62,
de-DE_DT2,1l_de-DE_female-DT2/Fahren Sie nach Birmingham.wav,realtime,de-DE,6.09,Fahren Sie nach Birmingham,,1.0,1,0,4,0,4,,,,,realtime,,,skip,,,,
de-DE_DT2,1l_de-DE_female-DT2/Fahren Sie nach Birmingham.wav,realtime_refine,de-DE,6.09,Fahren Sie nach Birmingham,Start.,1.0,1,0,3,1,4,,-410.9,2169.7,2169.7,realtime,,,skip,3.32,3.52,,
de-DE_DT2,1l_de-DE_female-DT2/Fahren Sie nach Birmingham.wav,fast_mai,de-DE,6.09,Fahren Sie nach Birmingham,,1.0,1,0,4,0,4,6604.8,504.6,515.0,515.0,self,,,skip,,,,
de-DE_DT2,1l_de-DE_female-DT2/Fahren Sie nach Birmingham.wav,fast_llm,de-DE,6.09,Fahren Sie nach Birmingham,I think.,1.0,1,0,2,2,4,6584.1,484.1,2114.3,2114.3,self,,,skip,,,,
de-DE_DT2,1l_de-DE_female-DT2/Fahren Sie nach Birmingham.wav,fast_default,de-DE,6.09,Fahren Sie nach Birmingham,,1.0,1,0,4,0,4,6739.7,641.4,,,,,,skip,,,,
de-DE_DT2,1l_de-DE_male-DT2/Vorherigen Titel abspielen.wav,realtime,de-DE,4.2,Vorherigen Titel abspielen,Vorherigen Titel abspielen.,0.0,0,0,0,0,3,1707.9,-295.8,675.0,675.0,realtime,1.27,3.23,none,1.27,3.23,,
de-DE_DT2,1l_de-DE_male-DT2/Vorherigen Titel abspielen.wav,realtime_refine,de-DE,4.2,Vorherigen Titel abspielen,Vorherigen Titel abspielen.,0.0,0,0,0,0,3,1737.7,32.8,1092.9,1092.9,realtime,1.27,3.23,none,1.26,3.14,,
de-DE_DT2,1l_de-DE_male-DT2/Vorherigen Titel abspielen.wav,fast_llm,de-DE,4.2,Vorherigen Titel abspielen,Vorherigen Titel abspielen.,0.0,0,0,0,0,3,4269.5,469.2,1039.7,1079.7,realtime,1.27,3.23,none,,,3.73,
de-DE_DT2,1l_de-DE_male-DT2/Vorherigen Titel abspielen.wav,fast_default,de-DE,4.2,Vorherigen Titel abspielen,Vorherigen Titel abspielen.,0.0,0,0,0,0,3,4401.8,601.6,1171.8,1241.8,realtime,1.27,3.23,none,,,3.73,
de-DE_DT2,1l_de-DE_male-DT2/Vorherigen Titel abspielen.wav,fast_mai,de-DE,4.2,Vorherigen Titel abspielen,Vorherigen Titel abschreiben.,0.3333,1,0,0,1,3,4438.4,638.0,1208.6,708.6,realtime,1.27,3.23,none,,,3.73,
de-DE_DT2,1l_de-DE_female-DT2/Autofenster halb öffnen.wav,realtime,de-DE,6.34,Autofenster halb öffnen,,1.0,1,0,3,0,3,,,,,realtime,,,skip,,,,
de-DE_DT2,1l_de-DE_female-DT2/Autofenster halb öffnen.wav,realtime_refine,de-DE,6.34,Autofenster halb öffnen,How do I help you?,1.6667,1,2,0,3,3,,-1731.5,1469.3,1469.3,realtime,,,skip,1.8,3.2,,
de-DE_DT2,1l_de-DE_female-DT2/Autofenster halb öffnen.wav,fast_llm,de-DE,6.34,Autofenster halb öffnen,How to answer?,1.0,1,0,0,3,3,6882.0,482.0,3452.1,3452.1,self,,,skip,,,,
de-DE_DT2,1l_de-DE_female-DT2/Autofenster halb öffnen.wav,fast_default,de-DE,6.34,Autofenster halb öffnen,Thank you.,1.0,1,0,1,2,3,7056.9,656.2,3777.0,3777.0,self,,,skip,,,,
de-DE_DT2,1l_de-DE_female-DT2/Autofenster halb öffnen.wav,fast_mai,de-DE,6.34,Autofenster halb öffnen,Auch für Menschen mit Hautverengung.,1.6667,1,2,0,3,3,7078.4,677.0,738.0,738.0,self,,,skip,,,,
de-DE_DT2,1l_de-DE_female-DT2/Navigation stummschalten.wav,realtime,de-DE,5.08,Navigation stummschalten,,1.0,1,0,2,0,2,,,,,realtime,,,skip,,,,
de-DE_DT2,1l_de-DE_female-DT2/Navigation stummschalten.wav,realtime_refine,de-DE,5.08,Navigation stummschalten,,1.0,1,0,2,0,2,,,,,realtime,,,skip,,,,
de-DE_DT2,1l_de-DE_female-DT2/Navigation stummschalten.wav,fast_mai,de-DE,5.08,Navigation stummschalten,"Ich glaube, das sollten wir bei uns",3.5,1,5,0,2,2,5552.2,451.5,472.3,472.3,self,,,skip,,,,
de-DE_DT2,1l_de-DE_female-DT2/Navigation stummschalten.wav,fast_llm,de-DE,5.08,Navigation stummschalten,Love that's there to buy.,3.0,1,4,0,2,2,5581.5,481.0,2431.5,2431.5,self,,,skip,,,,
de-DE_DT2,1l_de-DE_female-DT2/Navigation stummschalten.wav,fast_default,de-DE,5.08,Navigation stummschalten,Now that's certain by me.,3.0,1,4,0,2,2,5726.5,626.0,2366.5,2366.5,self,,,skip,,,,
de-DE_DT2,1l_de-DE_female-DT2/Lüfter um 1 Stufe erhöhen.wav,realtime,de-DE,6.91,Lüfter um 1 Stufe erhöhen,,1.0,1,0,5,0,5,,,,,realtime,,,skip,,,,
de-DE_DT2,1l_de-DE_female-DT2/Lüfter um 1 Stufe erhöhen.wav,realtime_refine,de-DE,6.91,Lüfter um 1 Stufe erhöhen,,1.0,1,0,5,0,5,,,,,realtime,,,skip,,,,
de-DE_DT2,1l_de-DE_female-DT2/Lüfter um 1 Stufe erhöhen.wav,fast_default,de-DE,6.91,Lüfter um 1 Stufe erhöhen,,1.0,1,0,5,0,5,7275.0,274.9,,,,,,skip,,,,
de-DE_DT2,1l_de-DE_female-DT2/Lüfter um 1 Stufe erhöhen.wav,fast_llm,de-DE,6.91,Lüfter um 1 Stufe erhöhen,,1.0,1,0,5,0,5,7315.3,314.2,,,,,,skip,,,,
de-DE_DT2,1l_de-DE_female-DT2/Lüfter um 1 Stufe erhöhen.wav,fast_mai,de-DE,6.91,Lüfter um 1 Stufe erhöhen,,1.0,1,0,5,0,5,7454.7,454.4,544.7,544.7,self,,,skip,,,,
de-DE_DT2,1l_de-DE_female-DT2/Fahrtenanzeige öffnen.wav,realtime,de-DE,4.53,Fahrtenanzeige öffnen,Hafenanzeige öffnen.,0.5,1,0,0,1,2,1485.3,-1007.7,532.6,532.6,realtime,1.58,3.06,none,1.58,3.06,,
de-DE_DT2,1l_de-DE_female-DT2/Fahrtenanzeige öffnen.wav,realtime_refine,de-DE,4.53,Fahrtenanzeige öffnen,Kartenanzeige öffnen,0.5,1,0,0,1,2,1406.9,-335.5,1245.5,1245.5,realtime,1.58,3.06,none,1.66,3.02,,
de-DE_DT2,1l_de-DE_female-DT2/Fahrtenanzeige öffnen.wav,fast_mai,de-DE,4.53,Fahrtenanzeige öffnen,Kartenanzeige öffnen.,0.5,1,0,0,1,2,4071.7,471.1,1011.8,511.8,realtime,1.58,3.06,none,,,3.56,
de-DE_DT2,1l_de-DE_female-DT2/Fahrtenanzeige öffnen.wav,fast_llm,de-DE,4.53,Fahrtenanzeige öffnen,Kartenanzeige öffnen.,0.5,1,0,0,1,2,4068.0,467.9,1008.1,998.1,realtime,1.58,3.06,none,,,3.56,
de-DE_DT2,1l_de-DE_female-DT2/Fahrtenanzeige öffnen.wav,fast_default,de-DE,4.53,Fahrtenanzeige öffnen,Kartenanzeige öffnen.,0.5,1,0,0,1,2,4196.3,596.2,1136.3,1156.3,realtime,1.58,3.06,none,,,3.56,
de-DE_DT2,1l_de-DE_male-DT2/Vorderen Bereich etwas erwärmen.wav,realtime,de-DE,4.79,Vorderen Bereich etwas erwärmen,Vorderen Bereich etwas erwärmen.,0.0,0,0,0,0,4,1620.7,-371.4,759.2,759.2,realtime,1.35,3.67,none,1.35,3.67,,
de-DE_DT2,1l_de-DE_male-DT2/Vorderen Bereich etwas erwärmen.wav,realtime_refine,de-DE,4.79,Vorderen Bereich etwas erwärmen,Vorderen Bereich etwas erwärmen.,0.0,0,0,0,0,4,1573.8,35.8,1176.9,1176.9,realtime,1.35,3.67,none,1.42,3.66,,
de-DE_DT2,1l_de-DE_male-DT2/Vorderen Bereich etwas erwärmen.wav,fast_llm,de-DE,4.79,Vorderen Bereich etwas erwärmen,vorderen Bereich etwas erwärmen.,0.0,0,0,0,0,4,4693.8,493.8,1023.9,903.9,realtime,1.35,3.67,none,,,4.17,
de-DE_DT2,1l_de-DE_male-DT2/Vorderen Bereich etwas erwärmen.wav,fast_default,de-DE,4.79,Vorderen Bereich etwas erwärmen,Vorderen Bereich etwas erwärmen.,0.0,0,0,0,0,4,4820.0,619.4,1150.0,1140.0,realtime,1.35,3.67,none,,,4.17,
de-DE_DT2,1l_de-DE_male-DT2/Vorderen Bereich etwas erwärmen.wav,fast_mai,de-DE,4.79,Vorderen Bereich etwas erwärmen,vorderen Bereich etwas erwärmen.,0.0,0,0,0,0,4,4851.1,650.5,1181.1,681.1,realtime,1.35,3.67,none,,,4.17,
de-DE_DT2,1l_de-DE_female-DT2/Linke Rücksitzbelüftung leicht erhöhen.wav,realtime,de-DE,5.72,Linke Rücksitzbelüftung leicht erhöhen,,1.0,1,0,4,0,4,,,,,realtime,,,skip,,,,
de-DE_DT2,1l_de-DE_female-DT2/Linke Rücksitzbelüftung leicht erhöhen.wav,realtime_refine,de-DE,5.72,Linke Rücksitzbelüftung leicht erhöhen,What are you?,1.0,1,0,1,3,4,,-293.6,1727.5,1727.5,realtime,,,skip,3.18,3.78,,
de-DE_DT2,1l_de-DE_female-DT2/Linke Rücksitzbelüftung leicht erhöhen.wav,fast_mai,de-DE,5.72,Linke Rücksitzbelüftung leicht erhöhen,"Ich denke, das ist ein sehr guter Tipp.",2.0,1,4,0,4,4,6333.1,533.0,613.2,613.2,self,,,skip,,,,
de-DE_DT2,1l_de-DE_female-DT2/Linke Rücksitzbelüftung leicht erhöhen.wav,fast_llm,de-DE,5.72,Linke Rücksitzbelüftung leicht erhöhen,The last appearance of the character was in the 2000 issue of the series.,3.5,1,10,0,4,4,6353.5,553.2,1523.7,1523.7,self,,,skip,,,,
de-DE_DT2,1l_de-DE_female-DT2/Linke Rücksitzbelüftung leicht erhöhen.wav,fast_default,de-DE,5.72,Linke Rücksitzbelüftung leicht erhöhen,,1.0,1,0,4,0,4,6620.7,820.7,,,,,,skip,,,,
de-DE_DT2,1l_de-DE_female-DT2/Eco-Fahrmodus aktivieren.wav,realtime,de-DE,6.65,Eco-Fahrmodus aktivieren,,1.0,1,0,3,0,3,,,,,realtime,,,skip,,,,
de-DE_DT2,1l_de-DE_female-DT2/Eco-Fahrmodus aktivieren.wav,realtime_refine,de-DE,6.65,Eco-Fahrmodus aktivieren,,1.0,1,0,3,0,3,,,,,realtime,,,skip,,,,
de-DE_DT2,1l_de-DE_female-DT2/Eco-Fahrmodus aktivieren.wav,fast_mai,de-DE,6.65,Eco-Fahrmodus aktivieren,,1.0,1,0,3,0,3,7221.6,521.2,571.7,571.7,self,,,skip,,,,
de-DE_DT2,1l_de-DE_female-DT2/Eco-Fahrmodus aktivieren.wav,fast_llm,de-DE,6.65,Eco-Fahrmodus aktivieren,Yeah.,1.0,1,0,2,1,3,7192.4,491.9,2842.4,2842.4,self,,,skip,,,,
de-DE_DT2,1l_de-DE_female-DT2/Eco-Fahrmodus aktivieren.wav,fast_default,de-DE,6.65,Eco-Fahrmodus aktivieren,,1.0,1,0,3,0,3,7322.0,621.4,,,,,,skip,,,,
de-DE_DT2,1l_de-DE_male-DT2/Sitzheizung leicht senken.wav,realtime,de-DE,5.17,Sitzheizung leicht senken,Sitzheizung leicht senken.,0.0,0,0,0,0,3,1267.5,-581.0,719.5,719.5,realtime,1.5,3.9,none,1.5,3.9,,
de-DE_DT2,1l_de-DE_male-DT2/Sitzheizung leicht senken.wav,realtime_refine,de-DE,5.17,Sitzheizung leicht senken,Sitzheizung gleich senken.,0.3333,1,0,0,1,3,1312.8,-230.8,1249.7,1249.7,realtime,1.5,3.9,none,1.48,3.72,,
de-DE_DT2,1l_de-DE_male-DT2/Sitzheizung leicht senken.wav,fast_mai,de-DE,5.17,Sitzheizung leicht senken,Sitzheizung leicht senken.,0.0,0,0,0,0,3,4830.9,430.0,931.1,431.1,realtime,1.5,3.9,none,,,4.4,
de-DE_DT2,1l_de-DE_male-DT2/Sitzheizung leicht senken.wav,fast_llm,de-DE,5.17,Sitzheizung leicht senken,Sitzheizung leicht senken.,0.0,0,0,0,0,3,4858.7,457.8,958.8,908.8,realtime,1.5,3.9,none,,,4.4,
de-DE_DT2,1l_de-DE_male-DT2/Sitzheizung leicht senken.wav,fast_default,de-DE,5.17,Sitzheizung leicht senken,Sitzheizung gleich senken.,0.3333,1,0,0,1,3,4968.0,567.9,1068.3,1128.3,realtime,1.5,3.9,none,,,4.4,
de-DE_DT2,1l_de-DE_female-DT2/Die letzte.wav,realtime,de-DE,4.58,Die letzte,,1.0,1,0,2,0,2,,,,,realtime,,,skip,,,,
de-DE_DT2,1l_de-DE_female-DT2/Die letzte.wav,realtime_refine,de-DE,4.58,Die letzte,,1.0,1,0,2,0,2,,,,,realtime,,,skip,,,,
de-DE_DT2,1l_de-DE_female-DT2/Die letzte.wav,fast_llm,de-DE,4.58,Die letzte,No.,1.0,1,0,1,1,2,5054.7,454.3,4144.8,4144.8,self,,,skip,,,,
de-DE_DT2,1l_de-DE_female-DT2/Die letzte.wav,fast_mai,de-DE,4.58,Die letzte,,1.0,1,0,2,0,2,5080.8,480.4,500.9,500.9,self,,,skip,,,,
de-DE_DT2,1l_de-DE_female-DT2/Die letzte.wav,fast_default,de-DE,4.58,Die letzte,,1.0,1,0,2,0,2,5176.6,576.4,,,,,,skip,,,,
de-DE_DT2,1l_de-DE_male-DT2/Kartenansicht auf 2D einstellen.wav,realtime,de-DE,5.7,Kartenansicht auf 2D einstellen,Datenansicht auf 2 d einstellen.,0.75,1,1,0,2,4,1583.2,-959.3,391.1,391.1,realtime,2.47,4.35,trim_first,1.19,4.35,,
de-DE_DT2,1l_de-DE_male-DT2/Kartenansicht auf 2D einstellen.wav,realtime_refine,de-DE,5.7,Kartenansicht auf 2D einstellen,Datenansicht auf 2 W einstellen.,0.75,1,1,0,2,4,1569.0,-70.1,1350.3,1350.3,realtime,2.47,4.35,trim_first,1.2,4.28,,
de-DE_DT2,1l_de-DE_male-DT2/Kartenansicht auf 2D einstellen.wav,fast_mai,de-DE,5.7,Kartenansicht auf 2D einstellen,Kartenansicht auf 2D einstellen.,0.0,0,0,0,0,4,5390.1,490.0,1040.3,540.3,realtime,2.47,4.35,trim_first,,,4.85,
de-DE_DT2,1l_de-DE_male-DT2/Kartenansicht auf 2D einstellen.wav,fast_llm,de-DE,5.7,Kartenansicht auf 2D einstellen,Kartenansicht auf 2D einstellen.,0.0,0,0,0,0,4,5417.9,517.5,1068.0,1108.0,realtime,2.47,4.35,trim_first,,,4.85,
de-DE_DT2,1l_de-DE_male-DT2/Kartenansicht auf 2D einstellen.wav,fast_default,de-DE,5.7,Kartenansicht auf 2D einstellen,Artenansicht auf 2 W einstellen.,0.75,1,1,0,2,4,5540.3,639.7,1190.4,1260.4,realtime,2.47,4.35,trim_first,,,4.85,
de-DE_DT2,1l_de-DE_male-DT2/Luftstrom nach vorn ausrichten.wav,realtime,de-DE,5.69,Luftstrom nach vorn ausrichten,Luftstrom nach vorn ausrichten.,0.0,0,0,0,0,4,1254.7,-998.2,652.4,652.4,realtime,1.53,4.05,none,1.53,4.05,,
de-DE_DT2,1l_de-DE_male-DT2/Luftstrom nach vorn ausrichten.wav,realtime_refine,de-DE,5.69,Luftstrom nach vorn ausrichten,Luftstrom nach vorn ausrichten.,0.0,0,0,0,0,4,1259.0,-483.7,1136.7,1136.7,realtime,1.53,4.05,none,1.52,4.08,,
de-DE_DT2,1l_de-DE_male-DT2/Luftstrom nach vorn ausrichten.wav,fast_llm,de-DE,5.69,Luftstrom nach vorn ausrichten,Luftstrom nach vorn ausrichten.,0.0,0,0,0,0,4,5080.4,480.1,1030.4,970.4,realtime,1.53,4.05,none,,,4.55,
de-DE_DT2,1l_de-DE_male-DT2/Luftstrom nach vorn ausrichten.wav,fast_default,de-DE,5.69,Luftstrom nach vorn ausrichten,Luftstrom nach vorn ausrichten,0.0,0,0,0,0,4,5228.5,628.5,1178.8,1148.8,realtime,1.53,4.05,none,,,4.55,
de-DE_DT2,1l_de-DE_male-DT2/Luftstrom nach vorn ausrichten.wav,fast_mai,de-DE,5.69,Luftstrom nach vorn ausrichten,Luftstrom nach vorn ausrichten.,0.0,0,0,0,0,4,5193.9,593.7,1143.9,643.9,realtime,1.53,4.05,none,,,4.55,
de-DE_DT2,1l_de-DE_male-DT2/Automatische Belüftung beim Entriegeln deaktivieren.wav,realtime,de-DE,6.66,Automatische Belüftung beim Entriegeln deaktivieren,Automatische Belüftung beim Regeln deaktivieren.,0.2,1,0,0,1,5,1312.6,-555.7,744.9,744.9,realtime,1.48,5.4,none,1.48,5.4,,
de-DE_DT2,1l_de-DE_male-DT2/Automatische Belüftung beim Entriegeln deaktivieren.wav,realtime_refine,de-DE,6.66,Automatische Belüftung beim Entriegeln deaktivieren,Automatische Belüftung beim Entriegeln deaktivieren.,0.0,0,0,0,0,5,1305.3,-139.1,1201.9,1201.9,realtime,1.48,5.4,none,1.52,5.36,,
de-DE_DT2,1l_de-DE_male-DT2/Automatische Belüftung beim Entriegeln deaktivieren.wav,fast_llm,de-DE,6.66,Automatische Belüftung beim Entriegeln deaktivieren,Automatische Belüftung beim Entlüften deaktivieren.,0.2,1,0,0,1,5,6431.2,530.7,1031.2,1001.2,realtime,1.48,5.4,none,,,5.9,
de-DE_DT2,1l_de-DE_male-DT2/Automatische Belüftung beim Entriegeln deaktivieren.wav,fast_mai,de-DE,6.66,Automatische Belüftung beim Entriegeln deaktivieren,Automatische Belüftung beim Riegeln deaktivieren.,0.2,1,0,0,1,5,6445.3,544.9,1045.4,545.4,realtime,1.48,5.4,none,,,5.9,
de-DE_DT2,1l_de-DE_male-DT2/Automatische Belüftung beim Entriegeln deaktivieren.wav,fast_default,de-DE,6.66,Automatische Belüftung beim Entriegeln deaktivieren,Automatische Belüftung beim Entriegeln deaktivieren.,0.0,0,0,0,0,5,6645.6,744.7,1245.6,1285.6,realtime,1.48,5.4,none,,,5.9,
de-DE_DT2,1l_de-DE_female-DT2/Automatische Belüftung beim Entriegeln deaktivieren.wav,realtime,de-DE,7.07,Automatische Belüftung beim Entriegeln deaktivieren,,1.0,1,0,5,0,5,,,,,realtime,,,skip,,,,
de-DE_DT2,1l_de-DE_female-DT2/Automatische Belüftung beim Entriegeln deaktivieren.wav,realtime_refine,de-DE,7.07,Automatische Belüftung beim Entriegeln deaktivieren,Automatische Verlüftung bei dem briefing VI community.,1.2,1,2,0,4,5,,-663.0,1187.6,1187.6,realtime,,,skip,2.57,5.25,,
de-DE_DT2,1l_de-DE_female-DT2/Automatische Belüftung beim Entriegeln deaktivieren.wav,fast_llm,de-DE,7.07,Automatische Belüftung beim Entriegeln deaktivieren,"Not sure if a little bit of anything, the.",1.8,1,4,0,5,5,7637.3,537.3,3167.5,3167.5,self,,,skip,,,,
de-DE_DT2,1l_de-DE_female-DT2/Automatische Belüftung beim Entriegeln deaktivieren.wav,fast_mai,de-DE,7.07,Automatische Belüftung beim Entriegeln deaktivieren,Machst du schon das zum Teil in 5 Jahren?,1.8,1,4,0,5,5,7683.2,582.8,613.4,613.4,self,,,skip,,,,
de-DE_DT2,1l_de-DE_female-DT2/Automatische Belüftung beim Entriegeln deaktivieren.wav,fast_default,de-DE,7.07,Automatische Belüftung beim Entriegeln deaktivieren,Not shipped a listing by including the app.,1.6,1,3,0,5,5,7758.4,658.1,2638.6,2638.6,self,,,skip,,,,
de-DE_DT2,1l_de-DE_female-DT2/Automatische Belüftung beim Entriegeln aktivieren.wav,realtime,de-DE,7.59,Automatische Belüftung beim Entriegeln aktivieren,Automatische Belüftung aktivieren.,0.4,1,0,2,0,5,1353.3,-1077.1,773.4,773.4,realtime,3.15,5.75,none,3.15,5.75,,
de-DE_DT2,1l_de-DE_female-DT2/Automatische Belüftung beim Entriegeln aktivieren.wav,realtime_refine,de-DE,7.59,Automatische Belüftung beim Entriegeln aktivieren,Automatische Belüftung sollen Medien aktivieren.,0.4,1,0,0,2,5,1376.8,-646.0,1214.6,1214.6,realtime,3.15,5.75,none,3.1,5.74,,
de-DE_DT2,1l_de-DE_female-DT2/Automatische Belüftung beim Entriegeln aktivieren.wav,fast_mai,de-DE,7.59,Automatische Belüftung beim Entriegeln aktivieren,Automatische Belüftung bei Empfohlen aktivieren.,0.4,1,0,0,2,5,6839.1,538.9,1089.1,589.1,realtime,3.15,5.75,none,,,6.25,
de-DE_DT2,1l_de-DE_female-DT2/Automatische Belüftung beim Entriegeln aktivieren.wav,fast_llm,de-DE,7.59,Automatische Belüftung beim Entriegeln aktivieren,Automatische Belüftung bei einem Unimog A 4 B L.,1.4,1,4,0,3,5,6868.5,567.7,1118.3,1118.3,realtime,3.15,5.75,none,,,6.25,
de-DE_DT2,1l_de-DE_female-DT2/Automatische Belüftung beim Entriegeln aktivieren.wav,fast_default,de-DE,7.59,Automatische Belüftung beim Entriegeln aktivieren,A particular delivery plan to need an antiviral.,1.6,1,3,0,5,5,6976.7,676.3,1226.8,1376.8,realtime,3.15,5.75,none,,,6.25,
de-DE_DT2,1l_de-DE_male-DT2/Fenster öffnen.wav,realtime,de-DE,3.57,Fenster öffnen,,1.0,1,0,2,0,2,,,,,realtime,,,skip,,,,
de-DE_DT2,1l_de-DE_male-DT2/Fenster öffnen.wav,realtime_refine,de-DE,3.57,Fenster öffnen,Home stop.,1.0,1,0,0,2,2,,628.7,2429.1,2429.1,realtime,,,skip,1.28,1.8,,
de-DE_DT2,1l_de-DE_male-DT2/Fenster öffnen.wav,fast_llm,de-DE,3.57,Fenster öffnen,"Thanks, guys.",1.0,1,0,0,2,2,4052.5,452.2,2262.5,2262.5,self,,,skip,,,,
de-DE_DT2,1l_de-DE_male-DT2/Fenster öffnen.wav,fast_default,de-DE,3.57,Fenster öffnen,Stop.,1.0,1,0,1,1,2,4186.0,585.5,2386.1,2386.1,self,,,skip,,,,
de-DE_DT2,1l_de-DE_male-DT2/Fenster öffnen.wav,fast_mai,de-DE,3.57,Fenster öffnen,,1.0,1,0,2,0,2,4235.8,635.5,665.7,665.7,self,,,skip,,,,
de-DE_DT2,1l_de-DE_female-DT2/Diesen Sender aus den Favoriten löschen.wav,realtime,de-DE,6.34,Diesen Sender aus den Favoriten löschen,,1.0,1,0,6,0,6,,,,,realtime,,,skip,,,,
de-DE_DT2,1l_de-DE_female-DT2/Diesen Sender aus den Favoriten löschen.wav,realtime_refine,de-DE,6.34,Diesen Sender aus den Favoriten löschen,Thanks for public in the special shipment.,1.1667,1,1,0,6,6,,-684.6,1256.1,1256.1,realtime,,,skip,2.18,4.46,,
de-DE_DT2,1l_de-DE_female-DT2/Diesen Sender aus den Favoriten löschen.wav,fast_llm,de-DE,6.34,Diesen Sender aus den Favoriten löschen,And that's a problem.,1.0,1,0,1,5,6,6887.0,486.5,2537.0,2537.0,self,,,skip,,,,
de-DE_DT2,1l_de-DE_female-DT2/Diesen Sender aus den Favoriten löschen.wav,fast_mai,de-DE,6.34,Diesen Sender aus den Favoriten löschen,"Ja. Dann wäre es doch aber wirklich ein Despotenschiff, ne?",1.6667,1,4,0,6,6,7043.3,643.0,703.4,703.4,self,,,skip,,,,
de-DE_DT2,1l_de-DE_female-DT2/Diesen Sender aus den Favoriten löschen.wav,fast_default,de-DE,6.34,Diesen Sender aus den Favoriten löschen,Thanks for weeking this weekend.,1.0,1,0,1,5,6,7128.2,727.8,2728.1,2728.1,self,,,skip,,,,
de-DE_DT2,1l_de-DE_female-DT2/Linke Rücksitzbelüftung auf Maximum.wav,realtime,de-DE,5.64,Linke Rücksitzbelüftung auf Maximum,,1.0,1,0,4,0,4,,,,,realtime,,,skip,,,,
de-DE_DT2,1l_de-DE_female-DT2/Linke Rücksitzbelüftung auf Maximum.wav,realtime_refine,de-DE,5.64,Linke Rücksitzbelüftung auf Maximum,auf Maximum.,0.5,1,0,2,0,4,,-444.0,1226.6,1226.6,realtime,,,skip,3.15,4.03,,
de-DE_DT2,1l_de-DE_female-DT2/Linke Rücksitzbelüftung auf Maximum.wav,fast_llm,de-DE,5.64,Linke Rücksitzbelüftung auf Maximum,Of maximum.,0.75,1,0,2,1,4,6164.9,464.5,2135.0,2135.0,self,,,skip,,,,
de-DE_DT2,1l_de-DE_female-DT2/Linke Rücksitzbelüftung auf Maximum.wav,fast_mai,de-DE,5.64,Linke Rücksitzbelüftung auf Maximum,Kürzen auf Maximum.,0.5,1,0,1,1,4,6269.1,568.6,629.3,629.3,self,,,skip,,,,
de-DE_DT2,1l_de-DE_female-DT2/Linke Rücksitzbelüftung auf Maximum.wav,fast_default,de-DE,5.64,Linke Rücksitzbelüftung auf Maximum,of maximum.,0.75,1,0,2,1,4,6330.8,630.4,2250.9,2250.9,self,,,skip,,,,
de-DE_DT2,1l_de-DE_female-DT2/Linkes Hinterfenster auf 60 % öffnen.wav,realtime,de-DE,9.32,Linkes Hinterfenster auf 60 % öffnen,,1.0,1,0,5,0,5,,,,,realtime,,,skip,,,,
de-DE_DT2,1l_de-DE_female-DT2/Linkes Hinterfenster auf 60 % öffnen.wav,realtime_refine,de-DE,9.32,Linkes Hinterfenster auf 60 % öffnen,Auf 60 Prozent signieren.,0.8,1,1,2,1,5,,-2163.2,1417.1,1417.1,realtime,,,skip,4.3,5.82,,
de-DE_DT2,1l_de-DE_female-DT2/Linkes Hinterfenster auf 60 % öffnen.wav,fast_mai,de-DE,9.32,Linkes Hinterfenster auf 60 % öffnen,Ich habe auch welche für 20 Minuten.,1.4,1,2,0,5,5,9957.9,557.2,638.1,638.1,self,,,skip,,,,
de-DE_DT2,1l_de-DE_female-DT2/Linkes Hinterfenster auf 60 % öffnen.wav,fast_llm,de-DE,9.32,Linkes Hinterfenster auf 60 % öffnen,"OK, so thank you for that.",1.2,1,1,0,5,5,9939.6,539.2,4549.8,4549.8,self,,,skip,,,,
de-DE_DT2,1l_de-DE_female-DT2/Linkes Hinterfenster auf 60 % öffnen.wav,fast_default,de-DE,9.32,Linkes Hinterfenster auf 60 % öffnen,,1.0,1,0,5,0,5,10014.7,614.3,,,,,,skip,,,,
de-DE_DT2,1l_de-DE_male-DT2/Medienlautstärke verringern.wav,realtime,de-DE,5.08,Medienlautstärke verringern,Medienlautstärke verhindert.,0.5,1,0,0,1,2,1294.4,-783.6,676.9,676.9,realtime,1.48,3.64,none,1.48,3.64,,
de-DE_DT2,1l_de-DE_male-DT2/Medienlautstärke verringern.wav,realtime_refine,de-DE,5.08,Medienlautstärke verringern,Medienlautstärke verringert.,0.5,1,0,0,1,2,1269.6,-461.9,1038.7,1038.7,realtime,1.48,3.64,none,1.52,3.6,,
de-DE_DT2,1l_de-DE_male-DT2/Medienlautstärke verringern.wav,fast_llm,de-DE,5.08,Medienlautstärke verringern,Medienlautstärke verwenden.,0.5,1,0,0,1,2,4660.0,459.5,1020.0,1110.0,realtime,1.48,3.64,none,,,4.14,
de-DE_DT2,1l_de-DE_male-DT2/Medienlautstärke verringern.wav,fast_default,de-DE,5.08,Medienlautstärke verringern,Medienlautstärke verringert.,0.5,1,0,0,1,2,4800.8,600.3,1161.0,1201.0,realtime,1.48,3.64,none,,,4.14,
de-DE_DT2,1l_de-DE_male-DT2/Medienlautstärke verringern.wav,fast_mai,de-DE,5.08,Medienlautstärke verringern,Medienlautstärke verhindern.,0.5,1,0,0,1,2,4839.3,638.7,1199.3,699.3,realtime,1.48,3.64,none,,,4.14,
de-DE_DT2,1l_de-DE_male-DT2/Klingelton stummschalten.wav,realtime,de-DE,4.32,Klingelton stummschalten,Klingelton stumm schalten.,1.0,1,1,0,1,2,1320.0,-500.0,570.5,570.5,realtime,,,skip,1.37,3.33,,
de-DE_DT2,1l_de-DE_male-DT2/Klingelton stummschalten.wav,realtime_refine,de-DE,4.32,Klingelton stummschalten,Klingelton stumm schalten.,1.0,1,1,0,1,2,1310.3,-73.7,1106.7,1106.7,realtime,,,skip,1.38,3.22,,
de-DE_DT2,1l_de-DE_male-DT2/Klingelton stummschalten.wav,fast_llm,de-DE,4.32,Klingelton stummschalten,Klingelton stummschalte.,0.5,1,0,0,1,2,4889.8,489.6,1659.8,1659.8,self,,,skip,,,,
de-DE_DT2,1l_de-DE_male-DT2/Klingelton stummschalten.wav,fast_mai,de-DE,4.32,Klingelton stummschalten,Klingelton stumm schalten.,1.0,1,1,0,1,2,4880.4,479.8,560.4,560.4,self,,,skip,,,,
de-DE_DT2,1l_de-DE_male-DT2/Klingelton stummschalten.wav,fast_default,de-DE,4.32,Klingelton stummschalten,Klingelton stumm schalten.,1.0,1,1,0,1,2,5042.4,642.1,1802.5,1802.5,self,,,skip,,,,
de-DE_DT2,1l_de-DE_male-DT2/Öffne das Fenster in der ersten Reihe.wav,realtime,de-DE,5.19,Öffne das Fenster in der ersten Reihe,Öffne das Fenster und den ersten Ball.,0.4286,1,0,0,3,7,1632.1,-480.4,860.3,860.3,realtime,1.34,3.86,none,1.34,3.86,,
de-DE_DT2,1l_de-DE_male-DT2/Öffne das Fenster in der ersten Reihe.wav,realtime_refine,de-DE,5.19,Öffne das Fenster in der ersten Reihe,Öffne das Fenster in den ersten Ball.,0.2857,1,0,0,2,7,1482.7,-158.8,1281.8,1281.8,realtime,1.34,3.86,none,1.48,3.76,,
de-DE_DT2,1l_de-DE_male-DT2/Öffne das Fenster in der ersten Reihe.wav,fast_mai,de-DE,5.19,Öffne das Fenster in der ersten Reihe,Öffne das Fenster in den ersten Ball.,0.2857,1,0,0,2,7,4842.7,442.2,982.9,483.9,realtime,1.34,3.86,none,,,4.36,
de-DE_DT2,1l_de-DE_male-DT2/Öffne das Fenster in der ersten Reihe.wav,fast_llm,de-DE,5.19,Öffne das Fenster in der ersten Reihe,Öffne das Fenster in der ersten Wahl.,0.1429,1,0,0,1,7,4890.4,490.1,1030.6,1180.6,realtime,1.34,3.86,none,,,4.36,
de-DE_DT2,1l_de-DE_male-DT2/Öffne das Fenster in der ersten Reihe.wav,fast_default,de-DE,5.19,Öffne das Fenster in der ersten Reihe,Öffne das Fenster in den ersten Ball.,0.2857,1,0,0,2,7,5090.3,690.3,1230.5,1330.5,realtime,1.34,3.86,none,,,4.36,
de-DE_DT2,1l_de-DE_male-DT2/Autofenster halb öffnen.wav,realtime,de-DE,4.4,Autofenster halb öffnen,,1.0,1,0,3,0,3,,,,,realtime,,,skip,,,,
de-DE_DT2,1l_de-DE_male-DT2/Autofenster halb öffnen.wav,realtime_refine,de-DE,4.4,Autofenster halb öffnen,How could pet start IPS?Okay.,2.0,1,3,0,3,3,,651.3,781.9,781.9,realtime,,,skip,1.24,4.27,,
de-DE_DT2,1l_de-DE_male-DT2/Autofenster halb öffnen.wav,fast_llm,de-DE,4.4,Autofenster halb öffnen,Open.,1.0,1,0,2,1,3,4853.8,452.8,2903.8,2903.8,self,,,skip,,,,
de-DE_DT2,1l_de-DE_male-DT2/Autofenster halb öffnen.wav,fast_mai,de-DE,4.4,Autofenster halb öffnen,Auch im Fenster ein Teleskop.,1.6667,1,2,0,3,3,4870.4,469.7,470.6,470.6,self,,,skip,,,,
de-DE_DT2,1l_de-DE_male-DT2/Autofenster halb öffnen.wav,fast_default,de-DE,4.4,Autofenster halb öffnen,How could pet start IPS?,1.6667,1,2,0,3,3,5063.0,662.1,2263.1,2263.1,self,,,skip,,,,
de-DE_DT2,1l_de-DE_male-DT2/Scheinwerferhöhe auf mittel stellen.wav,realtime,de-DE,5.16,Scheinwerferhöhe auf mittel stellen,,1.0,1,0,4,0,4,,,,,realtime,,,skip,,,,
de-DE_DT2,1l_de-DE_male-DT2/Scheinwerferhöhe auf mittel stellen.wav,realtime_refine,de-DE,5.16,Scheinwerferhöhe auf mittel stellen,Signed her from her as methods becoming.,1.75,1,3,0,4,4,,474.5,2035.2,2035.2,realtime,,,skip,1.32,3.64,,
de-DE_DT2,1l_de-DE_male-DT2/Scheinwerferhöhe auf mittel stellen.wav,fast_llm,de-DE,5.16,Scheinwerferhöhe auf mittel stellen,Science and Technology has made it.,1.5,1,2,0,4,4,5692.9,492.5,1982.9,1982.9,self,,,skip,,,,
de-DE_DT2,1l_de-DE_male-DT2/Scheinwerferhöhe auf mittel stellen.wav,fast_mai,de-DE,5.16,Scheinwerferhöhe auf mittel stellen,"Nein, der Fall wird als Mittel bekannt gegeben.",1.75,1,4,0,3,4,5752.0,551.6,592.1,592.1,self,,,skip,,,,
de-DE_DT2,1l_de-DE_male-DT2/Scheinwerferhöhe auf mittel stellen.wav,fast_default,de-DE,5.16,Scheinwerferhöhe auf mittel stellen,Signed her from her as methods becoming.,1.75,1,3,0,4,4,5901.4,701.2,2261.6,2261.6,self,,,skip,,,,
de-DE_DT2,1l_de-DE_female-DT2/Kannst du die Lautstärke auf das Minimum einstellen.wav,realtime,de-DE,6.85,Kannst du die Lautstärke auf das Minimum einstellen,,1.0,1,0,8,0,8,,,,,realtime,,,skip,,,,
de-DE_DT2,1l_de-DE_female-DT2/Kannst du die Lautstärke auf das Minimum einstellen.wav,realtime_refine,de-DE,6.85,Kannst du die Lautstärke auf das Minimum einstellen,,1.0,1,0,8,0,8,,,,,realtime,,,skip,,,,
de-DE_DT2,1l_de-DE_female-DT2/Kannst du die Lautstärke auf das Minimum einstellen.wav,fast_llm,de-DE,6.85,Kannst du die Lautstärke auf das Minimum einstellen,Die Lautstärke habe ich nicht eingestellt.,0.75,1,0,2,4,8,7424.5,523.7,2754.5,2754.5,self,,,skip,,,,
de-DE_DT2,1l_de-DE_female-DT2/Kannst du die Lautstärke auf das Minimum einstellen.wav,fast_mai,de-DE,6.85,Kannst du die Lautstärke auf das Minimum einstellen,Die Lautstärke auf das Minimum einstellen.,0.25,1,0,2,0,8,7543.4,642.9,693.4,693.4,self,,,skip,,,,
de-DE_DT2,1l_de-DE_female-DT2/Kannst du die Lautstärke auf das Minimum einstellen.wav,fast_default,de-DE,6.85,Kannst du die Lautstärke auf das Minimum einstellen,You don't check out with me instead.,1.0,1,0,0,8,8,7581.6,681.3,3061.5,3061.5,self,,,skip,,,,
de-DE_DT2,1l_de-DE_male-DT2/Wechseln Sie in den detaillierten Berichtsmodus.wav,realtime,de-DE,6.7,Wechseln Sie in den detaillierten Berichtsmodus,Wechseln Sie.,0.6667,1,0,4,0,6,1965.0,-1868.1,2592.7,2592.7,realtime,,,skip,1.32,2.24,,
de-DE_DT2,1l_de-DE_male-DT2/Wechseln Sie in den detaillierten Berichtsmodus.wav,realtime_refine,de-DE,6.7,Wechseln Sie in den detaillierten Berichtsmodus,,1.0,1,0,6,0,6,,,,,realtime,,,skip,,,,
de-DE_DT2,1l_de-DE_male-DT2/Wechseln Sie in den detaillierten Berichtsmodus.wav,fast_mai,de-DE,6.7,Wechseln Sie in den detaillierten Berichtsmodus,Wechseln Sie auf den integrierten Bewegungsmelder.,0.5,1,0,0,3,6,7185.8,485.3,485.9,485.9,self,,,skip,,,,
de-DE_DT2,1l_de-DE_male-DT2/Wechseln Sie in den detaillierten Berichtsmodus.wav,fast_llm,de-DE,6.7,Wechseln Sie in den detaillierten Berichtsmodus,Excellent!,1.0,1,0,5,1,6,7174.8,474.3,5065.2,5065.2,self,,,skip,,,,
de-DE_DT2,1l_de-DE_male-DT2/Wechseln Sie in den detaillierten Berichtsmodus.wav,fast_default,de-DE,6.7,Wechseln Sie in den detaillierten Berichtsmodus,,1.0,1,0,6,0,6,7390.4,690.3,,,,,,skip,,,,
de-DE_DT2,1l_de-DE_male-DT2/Außenluftzirkulation einschalten.wav,realtime,de-DE,5.67,Außenluftzirkulation einschalten,Außenluftzirkulation einschaltet.,0.5,1,0,0,1,2,1653.1,-858.7,771.8,771.8,realtime,1.31,4.07,none,1.31,4.07,,
de-DE_DT2,1l_de-DE_male-DT2/Außenluftzirkulation einschalten.wav,realtime_refine,de-DE,5.67,Außenluftzirkulation einschalten,Außenluftzirkulation einschalten.,0.0,0,0,0,0,2,1707.0,-526.2,1094.3,1094.3,realtime,1.31,4.07,none,1.28,4.08,,
de-DE_DT2,1l_de-DE_male-DT2/Außenluftzirkulation einschalten.wav,fast_mai,de-DE,5.67,Außenluftzirkulation einschalten,Außenluftzirkulation einschalten.,0.0,0,0,0,0,2,5072.7,472.1,1002.7,502.7,realtime,1.31,4.07,none,,,4.57,
de-DE_DT2,1l_de-DE_male-DT2/Außenluftzirkulation einschalten.wav,fast_llm,de-DE,5.67,Außenluftzirkulation einschalten,Außenluftzirkulation einschalten.,0.0,0,0,0,0,2,5193.2,592.9,1123.2,1043.2,realtime,1.31,4.07,none,,,4.57,
de-DE_DT2,1l_de-DE_male-DT2/Außenluftzirkulation einschalten.wav,fast_default,de-DE,5.67,Außenluftzirkulation einschalten,Außenluftzirkulation einschalten.,0.0,0,0,0,0,2,5226.4,625.9,1156.3,1146.3,realtime,1.31,4.07,none,,,4.57,
de-DE_JT1,1l_de-DE_male-JT1/Scheinwerfer auf dritte Stufe einstellen.wav,realtime,de-DE,6.15,Scheinwerfer auf dritte Stufe einstellen,Scheinwerfer auf dritte Stufe einstellen.,0.0,0,0,0,0,5,1378.2,-871.7,658.7,658.7,realtime,1.59,4.67,none,1.59,4.67,,
de-DE_JT1,1l_de-DE_male-JT1/Scheinwerfer auf dritte Stufe einstellen.wav,realtime_refine,de-DE,6.15,Scheinwerfer auf dritte Stufe einstellen,Scheinwerfer auf dritte Stufe einstellen,0.0,0,0,0,0,5,1433.0,-472.0,1078.3,1078.3,realtime,1.59,4.67,none,1.53,4.65,,
de-DE_JT1,1l_de-DE_male-JT1/Scheinwerfer auf dritte Stufe einstellen.wav,fast_mai,de-DE,6.15,Scheinwerfer auf dritte Stufe einstellen,Scheinwerfer auf dritte Stufe einstellen.,0.0,0,0,0,0,5,5646.5,446.6,976.7,476.7,realtime,1.59,4.67,none,,,5.17,
de-DE_JT1,1l_de-DE_male-JT1/Scheinwerfer auf dritte Stufe einstellen.wav,fast_llm,de-DE,6.15,Scheinwerfer auf dritte Stufe einstellen,Scheinwerfer auf dritte Stufe einstellen,0.0,0,0,0,0,5,5695.9,495.3,1026.0,1026.0,realtime,1.59,4.67,none,,,5.17,
de-DE_JT1,1l_de-DE_male-JT1/Scheinwerfer auf dritte Stufe einstellen.wav,fast_default,de-DE,6.15,Scheinwerfer auf dritte Stufe einstellen,Scheinwerfer auf dritte Stufe einstellen,0.0,0,0,0,0,5,5812.7,612.3,1142.7,1172.7,realtime,1.59,4.67,none,,,5.17,
de-DE_JT1,1l_de-DE_female-JT1/Fahren Sie nach Birmingham.wav,realtime,de-DE,6.09,Fahren Sie nach Birmingham,Fahren wir nach Mühlheim.,0.5,1,0,0,2,4,1682.6,-771.4,809.5,809.5,realtime,3.2,4.52,none,3.2,4.52,,
de-DE_JT1,1l_de-DE_female-JT1/Fahren Sie nach Birmingham.wav,realtime_refine,de-DE,6.09,Fahren Sie nach Birmingham,Find the upgraham.,1.0,1,0,1,3,4,1619.3,-407.9,1202.6,1202.6,realtime,3.2,4.52,none,3.25,4.49,,
de-DE_JT1,1l_de-DE_female-JT1/Fahren Sie nach Birmingham.wav,fast_llm,de-DE,6.09,Fahren Sie nach Birmingham,Find the app for him.,1.25,1,1,0,4,4,5560.8,460.3,1040.8,1050.8,realtime,3.2,4.52,none,,,5.02,
de-DE_JT1,1l_de-DE_female-JT1/Fahren Sie nach Birmingham.wav,fast_mai,de-DE,6.09,Fahren Sie nach Birmingham,Fahren Sie nach Bückelheim.,0.25,1,0,0,1,4,5579.6,479.0,1059.7,560.7,realtime,3.2,4.52,none,,,5.02,
de-DE_JT1,1l_de-DE_female-JT1/Fahren Sie nach Birmingham.wav,fast_default,de-DE,6.09,Fahren Sie nach Birmingham,Find the afternoon.,1.0,1,0,1,3,4,5832.0,731.4,1312.1,1272.1,realtime,3.2,4.52,none,,,5.02,
de-DE_DT2,1l_de-DE_female-DT2/Linke Rücksitzbelüftung auf Minimum.wav,realtime,de-DE,8.17,Linke Rücksitzbelüftung auf Minimum,,1.0,1,0,4,0,4,,,,,realtime,,,skip,,,,
de-DE_DT2,1l_de-DE_female-DT2/Linke Rücksitzbelüftung auf Minimum.wav,realtime_refine,de-DE,8.17,Linke Rücksitzbelüftung auf Minimum,Auf Minimum.,0.5,1,0,2,0,4,,-1923.5,1067.3,1067.3,realtime,,,skip,4.33,5.21,,
de-DE_DT2,1l_de-DE_female-DT2/Linke Rücksitzbelüftung auf Minimum.wav,fast_llm,de-DE,8.17,Linke Rücksitzbelüftung auf Minimum,The number of minimum.,0.75,1,0,0,3,4,8693.9,493.1,3464.1,3464.1,self,,,skip,,,,
de-DE_DT2,1l_de-DE_female-DT2/Linke Rücksitzbelüftung auf Minimum.wav,fast_mai,de-DE,8.17,Linke Rücksitzbelüftung auf Minimum,Ich habe einen Aufminimmun.,1.0,1,0,0,4,4,8838.7,637.8,668.9,668.9,self,,,skip,,,,
de-DE_DT2,1l_de-DE_female-DT2/Linke Rücksitzbelüftung auf Minimum.wav,fast_default,de-DE,8.17,Linke Rücksitzbelüftung auf Minimum,,1.0,1,0,4,0,4,9025.0,825.0,,,,,,skip,,,,
de-DE_JT1,1l_de-DE_male-JT1/Vorherigen Titel abspielen.wav,realtime,de-DE,4.2,Vorherigen Titel abspielen,Vorherigen Titel abspielen.Können.,0.3333,1,1,0,0,3,1665.3,97.8,868.3,868.3,realtime,1.22,3.08,trim_last,1.22,3.43,,
de-DE_JT1,1l_de-DE_male-JT1/Vorherigen Titel abspielen.wav,realtime_refine,de-DE,4.2,Vorherigen Titel abspielen,vorherigen Titel abspielen,0.0,0,0,0,0,3,1667.4,343.0,1123.5,1123.5,realtime,1.22,3.08,trim_last,1.22,3.42,,
de-DE_JT1,1l_de-DE_male-JT1/Vorherigen Titel abspielen.wav,fast_mai,de-DE,4.2,Vorherigen Titel abspielen,Vorherigen Titel abspielen.,0.0,0,0,0,0,3,4060.3,459.7,980.3,480.3,realtime,1.22,3.08,trim_last,,,3.58,
de-DE_JT1,1l_de-DE_male-JT1/Vorherigen Titel abspielen.wav,fast_llm,de-DE,4.2,Vorherigen Titel abspielen,Vorherigen Titel abspielen,0.0,0,0,0,0,3,4046.0,445.3,966.1,576.1,realtime,1.22,3.08,trim_last,,,3.58,
de-DE_JT1,1l_de-DE_male-JT1/Vorherigen Titel abspielen.wav,fast_default,de-DE,4.2,Vorherigen Titel abspielen,Vorherigen Titel abspielen.,0.0,0,0,0,0,3,4218.4,618.5,1138.6,858.6,realtime,1.22,3.08,trim_last,,,3.58,
de-DE_JT1,1l_de-DE_female-JT1/Autofenster halb öffnen.wav,realtime,de-DE,6.34,Autofenster halb öffnen,Autofenster Hype öffnen.,0.3333,1,0,0,1,3,1324.7,-2655.8,384.9,384.9,realtime,1.86,3.36,none,1.86,3.36,,
de-DE_JT1,1l_de-DE_female-JT1/Autofenster halb öffnen.wav,realtime_refine,de-DE,6.34,Autofenster halb öffnen,Autofenster halb öffnen,0.0,0,0,0,0,3,1250.0,-1786.4,1174.6,1174.6,realtime,1.86,3.36,none,1.92,3.44,,
de-DE_JT1,1l_de-DE_female-JT1/Autofenster halb öffnen.wav,fast_mai,de-DE,6.34,Autofenster halb öffnen,Autofenster halb öffnen.,0.0,0,0,0,0,3,4349.0,448.5,989.2,489.2,realtime,1.86,3.36,none,,,3.86,
de-DE_JT1,1l_de-DE_female-JT1/Autofenster halb öffnen.wav,fast_llm,de-DE,6.34,Autofenster halb öffnen,Autofenster halb öffnen.,0.0,0,0,0,0,3,4379.8,479.6,1019.9,909.9,realtime,1.86,3.36,none,,,3.86,
de-DE_JT1,1l_de-DE_female-JT1/Autofenster halb öffnen.wav,fast_default,de-DE,6.34,Autofenster halb öffnen,Autofenster Hype öffnen,0.3333,1,0,0,1,3,4551.4,651.2,1191.6,1111.6,realtime,1.86,3.36,none,,,3.86,
de-DE_JT1,1l_de-DE_female-JT1/Navigation stummschalten.wav,realtime,de-DE,5.08,Navigation stummschalten,Navigation stumm schalten.,1.0,1,1,0,1,2,1345.5,-889.1,761.2,761.2,realtime,,,skip,1.73,3.45,,
de-DE_JT1,1l_de-DE_female-JT1/Navigation stummschalten.wav,realtime_refine,de-DE,5.08,Navigation stummschalten,Navigation stumm schalten,1.0,1,1,0,1,2,1294.6,-530.0,1120.4,1120.4,realtime,,,skip,1.77,3.45,,
de-DE_JT1,1l_de-DE_female-JT1/Navigation stummschalten.wav,fast_mai,de-DE,5.08,Navigation stummschalten,Navigation stumm schalten.,1.0,1,1,0,1,2,5575.1,475.0,495.2,495.2,self,,,skip,,,,
de-DE_JT1,1l_de-DE_female-JT1/Navigation stummschalten.wav,fast_llm,de-DE,5.08,Navigation stummschalten,Navigation stumm schalten.,1.0,1,1,0,1,2,5604.9,504.7,2135.0,2135.0,self,,,skip,,,,
de-DE_JT1,1l_de-DE_female-JT1/Navigation stummschalten.wav,fast_default,de-DE,5.08,Navigation stummschalten,Navigation stumm schalten.,1.0,1,1,0,1,2,5714.4,614.2,2274.5,2274.5,self,,,skip,,,,
de-DE_JT1,1l_de-DE_female-JT1/Lüfter um 1 Stufe erhöhen.wav,realtime,de-DE,6.91,Lüfter um 1 Stufe erhöhen,Lüfter um eine Stufe erhöhen.,0.2,1,0,0,1,5,1538.7,-1443.0,867.7,867.7,realtime,2.73,4.69,none,2.73,4.69,,
de-DE_JT1,1l_de-DE_female-JT1/Lüfter um 1 Stufe erhöhen.wav,realtime_refine,de-DE,6.91,Lüfter um 1 Stufe erhöhen,Luft um eine Stufe erhöhen.,0.4,1,0,0,2,5,1549.6,-1240.7,1109.8,1109.8,realtime,2.73,4.69,none,2.73,4.65,,
de-DE_JT1,1l_de-DE_female-JT1/Lüfter um 1 Stufe erhöhen.wav,fast_llm,de-DE,6.91,Lüfter um 1 Stufe erhöhen,Ich möchte um eine Stufe erhöhen.,0.6,1,1,0,2,5,5686.6,486.3,996.8,1016.8,realtime,2.73,4.69,none,,,5.19,
de-DE_JT1,1l_de-DE_female-JT1/Lüfter um 1 Stufe erhöhen.wav,fast_default,de-DE,6.91,Lüfter um 1 Stufe erhöhen,Luft um eine Stufe erhöhen.,0.4,1,0,0,2,5,5786.4,589.6,1100.0,1150.0,realtime,2.73,4.69,none,,,5.19,
de-DE_JT1,1l_de-DE_female-JT1/Lüfter um 1 Stufe erhöhen.wav,fast_mai,de-DE,6.91,Lüfter um 1 Stufe erhöhen,Lüfter um eine Stufe erhöhen.,0.2,1,0,0,1,5,5696.7,496.4,1006.8,506.8,realtime,2.73,4.69,none,,,5.19,
de-DE_JT1,1l_de-DE_female-JT1/Fahrtenanzeige öffnen.wav,realtime,de-DE,4.53,Fahrtenanzeige öffnen,Anzeige öffnen.,0.5,1,0,0,1,2,1295.9,-907.8,712.8,712.8,realtime,1.78,2.98,none,1.78,2.98,,
de-DE_JT1,1l_de-DE_female-JT1/Fahrtenanzeige öffnen.wav,realtime_refine,de-DE,4.53,Fahrtenanzeige öffnen,Routenanzeige öffnen,0.5,1,0,0,1,2,1371.8,-480.7,1149.6,1149.6,realtime,1.78,2.98,none,1.69,2.97,,
de-DE_JT1,1l_de-DE_female-JT1/Fahrtenanzeige öffnen.wav,fast_default,de-DE,4.53,Fahrtenanzeige öffnen,Anzeige öffnen.,0.5,1,0,0,1,2,3870.3,369.7,890.2,910.2,realtime,1.78,2.98,none,,,3.48,
de-DE_JT1,1l_de-DE_female-JT1/Fahrtenanzeige öffnen.wav,fast_mai,de-DE,4.53,Fahrtenanzeige öffnen,Anzeige öffnen.,0.5,1,0,0,1,2,3971.7,471.2,991.8,491.8,realtime,1.78,2.98,none,,,3.48,
de-DE_JT1,1l_de-DE_female-JT1/Fahrtenanzeige öffnen.wav,fast_llm,de-DE,4.53,Fahrtenanzeige öffnen,Anzeige öffnen.,0.5,1,0,0,1,2,4018.6,517.8,1038.6,948.6,realtime,1.78,2.98,none,,,3.48,
de-DE_JT1,1l_de-DE_female-JT1/Linke Rücksitzbelüftung leicht erhöhen.wav,realtime,de-DE,5.72,Linke Rücksitzbelüftung leicht erhöhen,Lüftung leicht erhöhen.,0.5,1,0,1,1,4,1309.7,-888.8,901.9,901.9,realtime,2.69,4.01,none,2.69,4.01,,
de-DE_JT1,1l_de-DE_female-JT1/Linke Rücksitzbelüftung leicht erhöhen.wav,realtime_refine,de-DE,5.72,Linke Rücksitzbelüftung leicht erhöhen,Lüftung leicht erhöhen,0.5,1,0,1,1,4,1269.9,-668.0,1072.4,1072.4,realtime,2.69,4.01,none,2.7,4.06,,
de-DE_JT1,1l_de-DE_female-JT1/Linke Rücksitzbelüftung leicht erhöhen.wav,fast_llm,de-DE,5.72,Linke Rücksitzbelüftung leicht erhöhen,Lüftung leicht erhöhen.,0.5,1,0,1,1,4,5076.0,475.1,1066.2,1046.2,realtime,2.69,4.01,none,,,4.51,
de-DE_JT1,1l_de-DE_female-JT1/Linke Rücksitzbelüftung leicht erhöhen.wav,fast_mai,de-DE,5.72,Linke Rücksitzbelüftung leicht erhöhen,Belüftung leicht erhöhen.,0.5,1,0,1,1,4,5102.0,501.2,1092.2,592.2,realtime,2.69,4.01,none,,,4.51,
de-DE_JT1,1l_de-DE_female-JT1/Linke Rücksitzbelüftung leicht erhöhen.wav,fast_default,de-DE,5.72,Linke Rücksitzbelüftung leicht erhöhen,Lüftung leicht erhöhen.,0.5,1,0,1,1,4,5261.1,660.9,1251.3,1261.3,realtime,2.69,4.01,none,,,4.51,
de-DE_JT1,1l_de-DE_male-JT1/Vorderen Bereich etwas erwärmen.wav,realtime,de-DE,4.79,Vorderen Bereich etwas erwärmen,Vorderen Bereich etwas erwärmen.,0.0,0,0,0,0,4,1324.1,-846.3,394.4,394.4,realtime,1.37,3.56,none,1.37,3.56,,
de-DE_JT1,1l_de-DE_male-JT1/Vorderen Bereich etwas erwärmen.wav,realtime_refine,de-DE,4.79,Vorderen Bereich etwas erwärmen,Vorderen Bereich etwas erwärmen.,0.0,0,0,0,0,4,1252.9,11.5,1072.3,1072.3,realtime,1.37,3.56,none,1.42,3.74,,
de-DE_JT1,1l_de-DE_male-JT1/Vorderen Bereich etwas erwärmen.wav,fast_llm,de-DE,4.79,Vorderen Bereich etwas erwärmen,Vorderen Bereich etwas erwärmen.,0.0,0,0,0,0,4,4561.9,461.4,1001.9,851.9,realtime,1.37,3.56,none,,,4.06,
de-DE_JT1,1l_de-DE_male-JT1/Vorderen Bereich etwas erwärmen.wav,fast_mai,de-DE,4.79,Vorderen Bereich etwas erwärmen,Vorderen Bereich etwas erwärmen.,0.0,0,0,0,0,4,4566.1,466.0,1006.2,507.2,realtime,1.37,3.56,none,,,4.06,
de-DE_JT1,1l_de-DE_male-JT1/Vorderen Bereich etwas erwärmen.wav,fast_default,de-DE,4.79,Vorderen Bereich etwas erwärmen,Vorderen Bereich etwas erwärmen.,0.0,0,0,0,0,4,4697.3,597.1,1137.4,1017.4,realtime,1.37,3.56,none,,,4.06,
de-DE_JT1,1l_de-DE_female-JT1/Eco-Fahrmodus aktivieren.wav,realtime,de-DE,6.65,Eco-Fahrmodus aktivieren,Bluetooth aktivieren.,0.6667,1,0,1,1,3,1391.6,-1605.8,714.5,714.5,realtime,3.58,4.38,trim_first,3.3,4.38,,
de-DE_JT1,1l_de-DE_female-JT1/Eco-Fahrmodus aktivieren.wav,realtime_refine,de-DE,6.65,Eco-Fahrmodus aktivieren,Modus aktivieren.,0.6667,1,0,1,1,3,1392.9,-1243.5,1076.9,1076.9,realtime,3.58,4.38,trim_first,3.3,4.38,,
de-DE_JT1,1l_de-DE_female-JT1/Eco-Fahrmodus aktivieren.wav,fast_llm,de-DE,6.65,Eco-Fahrmodus aktivieren,Modus aktivieren.,0.6667,1,0,1,1,3,5344.9,444.8,965.1,915.1,realtime,3.58,4.38,trim_first,,,4.88,
de-DE_JT1,1l_de-DE_female-JT1/Eco-Fahrmodus aktivieren.wav,fast_mai,de-DE,6.65,Eco-Fahrmodus aktivieren,Modus aktivieren.,0.6667,1,0,1,1,3,5387.3,487.2,1007.4,507.4,realtime,3.58,4.38,trim_first,,,4.88,
de-DE_JT1,1l_de-DE_female-JT1/Eco-Fahrmodus aktivieren.wav,fast_default,de-DE,6.65,Eco-Fahrmodus aktivieren,Modus aktivieren.,0.6667,1,0,1,1,3,5496.5,595.6,1116.4,1096.4,realtime,3.58,4.38,trim_first,,,4.88,
de-DE_JT1,1l_de-DE_male-JT1/Sitzheizung leicht senken.wav,realtime,de-DE,5.17,Sitzheizung leicht senken,Sitzheizung leicht senken.,0.0,0,0,0,0,3,1289.1,-513.6,647.0,647.0,realtime,1.48,4.04,none,1.48,4.04,,
de-DE_JT1,1l_de-DE_male-JT1/Sitzheizung leicht senken.wav,realtime_refine,de-DE,5.17,Sitzheizung leicht senken,Sitzheizung leicht senken,0.0,0,0,0,0,3,1287.7,-21.5,1139.4,1139.4,realtime,1.48,4.04,none,1.48,4.04,,
de-DE_JT1,1l_de-DE_male-JT1/Sitzheizung leicht senken.wav,fast_llm,de-DE,5.17,Sitzheizung leicht senken,Sitzheizung leicht senken.,0.0,0,0,0,0,3,5065.9,465.5,1025.9,955.9,realtime,1.48,4.04,none,,,4.54,
de-DE_JT1,1l_de-DE_male-JT1/Sitzheizung leicht senken.wav,fast_mai,de-DE,5.17,Sitzheizung leicht senken,Sitzheizung leicht senken.,0.0,0,0,0,0,3,5051.9,451.8,1011.9,511.9,realtime,1.48,4.04,none,,,4.54,
de-DE_JT1,1l_de-DE_male-JT1/Sitzheizung leicht senken.wav,fast_default,de-DE,5.17,Sitzheizung leicht senken,Sitzheizung leicht senken,0.0,0,0,0,0,3,5190.9,590.8,1150.9,1190.9,realtime,1.48,4.04,none,,,4.54,
de-DE_JT1,1l_de-DE_female-JT1/Die letzte.wav,realtime,de-DE,4.58,Die letzte,,1.0,1,0,2,0,2,,,,,realtime,,,skip,,,,
de-DE_JT1,1l_de-DE_female-JT1/Die letzte.wav,realtime_refine,de-DE,4.58,Die letzte,,1.0,1,0,2,0,2,,,,,realtime,,,skip,,,,
de-DE_JT1,1l_de-DE_female-JT1/Die letzte.wav,fast_llm,de-DE,4.58,Die letzte,,1.0,1,0,2,0,2,4948.0,347.8,,,,,,skip,,,,
de-DE_JT1,1l_de-DE_female-JT1/Die letzte.wav,fast_mai,de-DE,4.58,Die letzte,,1.0,1,0,2,0,2,5065.2,464.2,484.8,484.8,self,,,skip,,,,
de-DE_JT1,1l_de-DE_female-JT1/Die letzte.wav,fast_default,de-DE,4.58,Die letzte,,1.0,1,0,2,0,2,5228.3,627.6,,,,,,skip,,,,
de-DE_JT1,1l_de-DE_male-JT1/Kartenansicht auf 2D einstellen.wav,realtime,de-DE,5.7,Kartenansicht auf 2D einstellen,Kartenansicht auf 2 D einstellen.,0.5,1,1,0,1,4,1605.3,-469.4,690.7,690.7,realtime,1.18,4.54,none,1.18,4.54,,
de-DE_JT1,1l_de-DE_male-JT1/Kartenansicht auf 2D einstellen.wav,realtime_refine,de-DE,5.7,Kartenansicht auf 2D einstellen,Kartenansicht auf 2D einstellen,0.0,0,0,0,0,4,1661.8,-39.9,1100.5,1100.5,realtime,1.18,4.54,none,1.12,4.56,,
de-DE_JT1,1l_de-DE_male-JT1/Kartenansicht auf 2D einstellen.wav,fast_llm,de-DE,5.7,Kartenansicht auf 2D einstellen,Kartenansicht auf 2 d einstellen.,0.5,1,1,0,1,4,5642.1,541.7,1102.2,1172.2,realtime,1.18,4.54,none,,,5.04,
de-DE_JT1,1l_de-DE_male-JT1/Kartenansicht auf 2D einstellen.wav,fast_mai,de-DE,5.7,Kartenansicht auf 2D einstellen,Kartenansicht auf 2D einstellen.,0.0,0,0,0,0,4,5665.1,565.2,1125.4,625.4,realtime,1.18,4.54,none,,,5.04,
de-DE_JT1,1l_de-DE_male-JT1/Kartenansicht auf 2D einstellen.wav,fast_default,de-DE,5.7,Kartenansicht auf 2D einstellen,Kartenansicht auf 2D einstellen,0.0,0,0,0,0,4,5739.7,639.1,1199.7,1179.7,realtime,1.18,4.54,none,,,5.04,
de-DE_JT1,1l_de-DE_male-JT1/Luftstrom nach vorn ausrichten.wav,realtime,de-DE,5.69,Luftstrom nach vorn ausrichten,Luftstrom nach vorn ausrichten.,0.0,0,0,0,0,4,1245.4,-895.6,685.1,685.1,realtime,1.52,4.12,none,1.52,4.12,,
de-DE_JT1,1l_de-DE_male-JT1/Luftstrom nach vorn ausrichten.wav,realtime_refine,de-DE,5.69,Luftstrom nach vorn ausrichten,Luftstrom nach vorn ausrichten,0.0,0,0,0,0,4,1186.9,-314.4,1225.9,1225.9,realtime,1.52,4.12,none,1.6,4.16,,
de-DE_JT1,1l_de-DE_male-JT1/Luftstrom nach vorn ausrichten.wav,fast_llm,de-DE,5.69,Luftstrom nach vorn ausrichten,Luftstrom nach vorne ausrichten.,0.25,1,0,0,1,4,5225.7,525.0,1105.8,1035.8,realtime,1.52,4.12,none,,,4.62,
de-DE_JT1,1l_de-DE_male-JT1/Luftstrom nach vorn ausrichten.wav,fast_mai,de-DE,5.69,Luftstrom nach vorn ausrichten,Luftstrom nach Horn ausrichten.,0.25,1,0,0,1,4,5271.4,570.9,1151.5,651.5,realtime,1.52,4.12,none,,,4.62,
de-DE_JT1,1l_de-DE_male-JT1/Luftstrom nach vorn ausrichten.wav,fast_default,de-DE,5.69,Luftstrom nach vorn ausrichten,Luftstrom nach Horn ausrichten.,0.25,1,0,0,1,4,5500.4,800.1,1380.7,1340.7,realtime,1.52,4.12,none,,,4.62,
de-DE_JT1,1l_de-DE_male-JT1/Automatische Belüftung beim Entriegeln deaktivieren.wav,realtime,de-DE,6.66,Automatische Belüftung beim Entriegeln deaktivieren,Automatische Belüftung beim Entriegeln deaktivieren.Ab.,0.2,1,1,0,0,5,1300.5,-418.7,612.0,612.0,realtime,1.46,5.67,none,1.46,5.67,,
de-DE_JT1,1l_de-DE_male-JT1/Automatische Belüftung beim Entriegeln deaktivieren.wav,realtime_refine,de-DE,6.66,Automatische Belüftung beim Entriegeln deaktivieren,Automatische Belüftung beim Entriegeln deaktivieren,0.0,0,0,0,0,5,1340.8,-32.5,1228.1,1228.1,realtime,1.46,5.67,none,1.44,5.44,,
de-DE_JT1,1l_de-DE_male-JT1/Automatische Belüftung beim Entriegeln deaktivieren.wav,fast_mai,de-DE,6.66,Automatische Belüftung beim Entriegeln deaktivieren,Automatische Belüftung beim Entriegeln deaktivieren.,0.0,0,0,0,0,5,6666.0,465.3,996.1,496.1,realtime,1.46,5.67,none,,,6.17,
de-DE_JT1,1l_de-DE_male-JT1/Automatische Belüftung beim Entriegeln deaktivieren.wav,fast_llm,de-DE,6.66,Automatische Belüftung beim Entriegeln deaktivieren,Automatische Belüftung beim Entriegeln deaktivieren.,0.0,0,0,0,0,5,6752.4,551.9,1082.5,1282.5,realtime,1.46,5.67,none,,,6.17,
de-DE_JT1,1l_de-DE_male-JT1/Automatische Belüftung beim Entriegeln deaktivieren.wav,fast_default,de-DE,6.66,Automatische Belüftung beim Entriegeln deaktivieren,Automatische Belüftung beim Entriegeln deaktivieren.,0.0,0,0,0,0,5,7131.1,930.7,1461.3,1691.3,realtime,1.46,5.67,none,,,6.17,
de-DE_JT1,1l_de-DE_female-JT1/Automatische Belüftung beim Entriegeln deaktivieren.wav,realtime,de-DE,7.07,Automatische Belüftung beim Entriegeln deaktivieren,Automatische Belüftung bei Entriegeln deaktivieren.,0.2,1,0,0,1,5,1307.8,-1088.8,651.7,651.7,realtime,2.36,5.36,none,2.36,5.36,,
de-DE_JT1,1l_de-DE_female-JT1/Automatische Belüftung beim Entriegeln deaktivieren.wav,realtime_refine,de-DE,7.07,Automatische Belüftung beim Entriegeln deaktivieren,Automatische Belüftung bei Entriegeln deaktivieren,0.2,1,0,0,1,5,1255.5,-623.1,1268.0,1268.0,realtime,2.36,5.36,none,2.41,5.21,,
de-DE_JT1,1l_de-DE_female-JT1/Automatische Belüftung beim Entriegeln deaktivieren.wav,fast_llm,de-DE,7.07,Automatische Belüftung beim Entriegeln deaktivieren,Automatische Belüftung bei Enrgygen deaktivieren.,0.4,1,0,0,2,5,6409.5,509.3,1049.6,1099.6,realtime,2.36,5.36,none,,,5.86,
de-DE_JT1,1l_de-DE_female-JT1/Automatische Belüftung beim Entriegeln deaktivieren.wav,fast_mai,de-DE,7.07,Automatische Belüftung beim Entriegeln deaktivieren,Automatische Belüftung bei Entriegeln deaktivieren,0.2,1,0,0,1,5,6500.7,600.1,1140.9,640.9,realtime,2.36,5.36,none,,,5.86,
de-DE_JT1,1l_de-DE_female-JT1/Automatische Belüftung beim Entriegeln deaktivieren.wav,fast_default,de-DE,7.07,Automatische Belüftung beim Entriegeln deaktivieren,Automatische Belüftung bei Endriegeln deaktivieren.,0.4,1,0,0,2,5,6710.3,809.9,1350.6,1430.6,realtime,2.36,5.36,none,,,5.86,
de-DE_JT1,1l_de-DE_female-JT1/Automatische Belüftung beim Entriegeln aktivieren.wav,realtime,de-DE,7.59,Automatische Belüftung beim Entriegeln aktivieren,Automatische Belüftung bei den Regeln aktivieren.,0.6,1,1,0,2,5,1034.9,-874.6,985.8,985.8,realtime,,,skip,3.14,5.74,,
de-DE_JT1,1l_de-DE_female-JT1/Automatische Belüftung beim Entriegeln aktivieren.wav,realtime_refine,de-DE,7.59,Automatische Belüftung beim Entriegeln aktivieren,Automatisch die Lüftung bei Entriegeln aktivieren.,0.8,1,1,0,3,5,1066.0,-604.3,1175.9,1175.9,realtime,,,skip,3.1,5.82,,
de-DE_JT1,1l_de-DE_female-JT1/Automatische Belüftung beim Entriegeln aktivieren.wav,fast_mai,de-DE,7.59,Automatische Belüftung beim Entriegeln aktivieren,Automatische Belüftung bei ein Riegeln aktivieren,0.6,1,1,0,2,5,8164.3,563.8,574.3,574.3,self,,,skip,,,,
de-DE_JT1,1l_de-DE_female-JT1/Automatische Belüftung beim Entriegeln aktivieren.wav,fast_llm,de-DE,7.59,Automatische Belüftung beim Entriegeln aktivieren,Automatische Belüftung bei Enteignung aktivieren.,0.4,1,0,0,2,5,8139.4,538.9,2269.5,2269.5,self,,,skip,,,,
de-DE_JT1,1l_de-DE_female-JT1/Automatische Belüftung beim Entriegeln aktivieren.wav,fast_default,de-DE,7.59,Automatische Belüftung beim Entriegeln aktivieren,Automatisch Belüftung bei den Regeln aktivieren.,0.8,1,1,0,3,5,8229.5,629.3,2389.4,2389.4,self,,,skip,,,,
de-DE_JT1,1l_de-DE_female-JT1/Diesen Sender aus den Favoriten löschen.wav,realtime,de-DE,6.34,Diesen Sender aus den Favoriten löschen,Favoritenliste hinzufügen.,1.0,1,0,4,2,6,1303.5,-1883.3,357.0,357.0,realtime,3.6,4.16,trim_first,2.56,4.16,,
de-DE_JT1,1l_de-DE_female-JT1/Diesen Sender aus den Favoriten löschen.wav,realtime_refine,de-DE,6.34,Diesen Sender aus den Favoriten löschen,zur Favoritenliste hinzufügen,1.0,1,0,3,3,6,1393.4,-876.1,1125.0,1125.0,realtime,3.6,4.16,trim_first,2.48,4.4,,
de-DE_JT1,1l_de-DE_female-JT1/Diesen Sender aus den Favoriten löschen.wav,fast_llm,de-DE,6.34,Diesen Sender aus den Favoriten löschen,Favoritenliste hinzufügen.,1.0,1,0,4,2,6,5167.7,467.1,1007.7,737.7,realtime,3.6,4.16,trim_first,,,4.66,
de-DE_JT1,1l_de-DE_female-JT1/Diesen Sender aus den Favoriten löschen.wav,fast_mai,de-DE,6.34,Diesen Sender aus den Favoriten löschen,zur Favoritenliste hinzufügen.,1.0,1,0,3,3,6,5197.4,497.3,1037.6,537.6,realtime,3.6,4.16,trim_first,,,4.66,
de-DE_JT1,1l_de-DE_female-JT1/Diesen Sender aus den Favoriten löschen.wav,fast_default,de-DE,6.34,Diesen Sender aus den Favoriten löschen,Favoritenliste hinzufügen.,1.0,1,0,4,2,6,5303.6,603.1,1143.6,903.6,realtime,3.6,4.16,trim_first,,,4.66,
de-DE_JT1,1l_de-DE_female-JT1/Linke Rücksitzbelüftung auf Maximum.wav,realtime,de-DE,5.64,Linke Rücksitzbelüftung auf Maximum,Auf Maximum.,0.5,1,0,2,0,4,1217.6,-906.9,753.7,753.7,realtime,3.16,4.04,none,3.16,4.04,,
de-DE_JT1,1l_de-DE_female-JT1/Linke Rücksitzbelüftung auf Maximum.wav,realtime_refine,de-DE,5.64,Linke Rücksitzbelüftung auf Maximum,auf Maximum,0.5,1,0,2,0,4,1259.0,-574.0,1126.8,1126.8,realtime,3.16,4.04,none,3.12,4.0,,
de-DE_JT1,1l_de-DE_female-JT1/Linke Rücksitzbelüftung auf Maximum.wav,fast_llm,de-DE,5.64,Linke Rücksitzbelüftung auf Maximum,Maximum.,0.75,1,0,3,0,4,5029.2,429.2,989.4,999.4,realtime,3.16,4.04,none,,,4.54,
de-DE_JT1,1l_de-DE_female-JT1/Linke Rücksitzbelüftung auf Maximum.wav,fast_mai,de-DE,5.64,Linke Rücksitzbelüftung auf Maximum,Ab Maximum.,0.75,1,0,2,1,4,5068.8,468.3,1028.8,528.8,realtime,3.16,4.04,none,,,4.54,
de-DE_JT1,1l_de-DE_female-JT1/Linke Rücksitzbelüftung auf Maximum.wav,fast_default,de-DE,5.64,Linke Rücksitzbelüftung auf Maximum,Up maximum.,0.75,1,0,2,1,4,5189.6,589.2,1149.6,1189.6,realtime,3.16,4.04,none,,,4.54,
de-DE_JT1,1l_de-DE_male-JT1/Fenster öffnen.wav,realtime,de-DE,3.57,Fenster öffnen,Fenster öffnen.An.,0.5,1,1,0,0,2,1250.0,-374.4,316.1,316.1,realtime,1.25,2.16,trim_last,1.25,2.91,,
de-DE_JT1,1l_de-DE_male-JT1/Fenster öffnen.wav,realtime_refine,de-DE,3.57,Fenster öffnen,Fenster öffnen,0.0,0,0,0,0,2,1283.8,309.4,1499.6,1499.6,realtime,1.25,2.16,trim_last,1.29,2.41,,
de-DE_JT1,1l_de-DE_male-JT1/Fenster öffnen.wav,fast_mai,de-DE,3.57,Fenster öffnen,Fenster öffnen.,0.0,0,0,0,0,2,3100.5,398.4,940.6,440.6,realtime,1.25,2.16,trim_last,,,2.66,
de-DE_JT1,1l_de-DE_male-JT1/Fenster öffnen.wav,fast_llm,de-DE,3.57,Fenster öffnen,Fenster öffnen.,0.0,0,0,0,0,2,3173.3,473.0,1013.4,743.4,realtime,1.25,2.16,trim_last,,,2.66,
de-DE_JT1,1l_de-DE_male-JT1/Fenster öffnen.wav,fast_default,de-DE,3.57,Fenster öffnen,Fenster öffnen.,0.0,0,0,0,0,2,3282.1,582.0,1122.3,882.3,realtime,1.25,2.16,trim_last,,,2.66,
de-DE_JT1,1l_de-DE_male-JT1/Medienlautstärke verringern.wav,realtime,de-DE,5.08,Medienlautstärke verringern,Medienlautstärke verringern.,0.0,0,0,0,0,2,1639.4,-784.0,626.7,626.7,realtime,1.45,3.69,none,1.45,3.69,,
de-DE_JT1,1l_de-DE_male-JT1/Medienlautstärke verringern.wav,realtime_refine,de-DE,5.08,Medienlautstärke verringern,Medienlautstärke verringern,0.0,0,0,0,0,2,1595.7,-447.5,1012.8,1012.8,realtime,1.45,3.69,none,1.48,3.64,,
de-DE_JT1,1l_de-DE_male-JT1/Medienlautstärke verringern.wav,fast_llm,de-DE,5.08,Medienlautstärke verringern,Medienlautstärke verringern.,0.0,0,0,0,0,2,4689.2,488.8,999.2,1059.2,realtime,1.45,3.69,none,,,4.19,
de-DE_JT1,1l_de-DE_male-JT1/Medienlautstärke verringern.wav,fast_mai,de-DE,5.08,Medienlautstärke verringern,Medienlautstärke verringern,0.0,0,0,0,0,2,4773.5,572.9,1083.4,584.4,realtime,1.45,3.69,none,,,4.19,
de-DE_JT1,1l_de-DE_male-JT1/Medienlautstärke verringern.wav,fast_default,de-DE,5.08,Medienlautstärke verringern,Medienlautstärke verringern.,0.0,0,0,0,0,2,4837.1,636.6,1147.0,1237.0,realtime,1.45,3.69,none,,,4.19,
de-DE_JT1,1l_de-DE_female-JT1/Linkes Hinterfenster auf 60 % öffnen.wav,realtime,de-DE,9.32,Linkes Hinterfenster auf 60 % öffnen,"Fenster auf, 60% öffnen.",0.4,1,0,1,1,5,1036.2,-2775.9,674.4,674.4,realtime,4.15,5.95,none,4.15,5.95,,
de-DE_JT1,1l_de-DE_female-JT1/Linkes Hinterfenster auf 60 % öffnen.wav,realtime_refine,de-DE,9.32,Linkes Hinterfenster auf 60 % öffnen,Yeah.Fenster auf 60% öffnen,0.4,1,0,0,2,5,5113.6,-2351.3,1199.2,1199.2,realtime,4.15,5.95,none,0.08,5.85,,
de-DE_JT1,1l_de-DE_female-JT1/Linkes Hinterfenster auf 60 % öffnen.wav,fast_mai,de-DE,9.32,Linkes Hinterfenster auf 60 % öffnen,Fenster auf 60% öffnen.,0.4,1,0,1,1,5,7058.7,557.9,1108.8,608.8,realtime,4.15,5.95,none,,,6.45,
de-DE_JT1,1l_de-DE_female-JT1/Linkes Hinterfenster auf 60 % öffnen.wav,fast_llm,de-DE,9.32,Linkes Hinterfenster auf 60 % öffnen,Fenster auf 60% öffnen.,0.4,1,0,1,1,5,7013.4,513.3,1063.4,1063.4,realtime,4.15,5.95,none,,,6.45,
de-DE_JT1,1l_de-DE_female-JT1/Linkes Hinterfenster auf 60 % öffnen.wav,fast_default,de-DE,9.32,Linkes Hinterfenster auf 60 % öffnen,Fenster auf 60% öffnen.,0.4,1,0,1,1,5,7183.8,683.7,1234.0,1264.0,realtime,4.15,5.95,none,,,6.45,
de-DE_JT1,1l_de-DE_male-JT1/Klingelton stummschalten.wav,realtime,de-DE,4.32,Klingelton stummschalten,Klingelton stummschalten.,0.0,0,0,0,0,2,1323.4,-472.7,638.1,638.1,realtime,1.37,3.29,none,1.37,3.29,,
de-DE_JT1,1l_de-DE_male-JT1/Klingelton stummschalten.wav,realtime_refine,de-DE,4.32,Klingelton stummschalten,Klingelton stumm schalten,1.0,1,1,0,1,2,1307.0,65.0,1205.6,1205.6,realtime,1.37,3.29,none,1.38,3.26,,
de-DE_JT1,1l_de-DE_male-JT1/Klingelton stummschalten.wav,fast_mai,de-DE,4.32,Klingelton stummschalten,Klingelton stumm schalten.,1.0,1,1,0,1,2,4255.0,454.2,965.0,465.0,realtime,1.37,3.29,none,,,3.79,
de-DE_JT1,1l_de-DE_male-JT1/Klingelton stummschalten.wav,fast_llm,de-DE,4.32,Klingelton stummschalten,Klingelton stummschalte.,0.5,1,0,0,1,2,4279.8,479.4,989.9,1049.9,realtime,1.37,3.29,none,,,3.79,
de-DE_JT1,1l_de-DE_male-JT1/Klingelton stummschalten.wav,fast_default,de-DE,4.32,Klingelton stummschalten,Klingelton stumm schalten,1.0,1,1,0,1,2,4426.1,625.7,1136.3,1186.3,realtime,1.37,3.29,none,,,3.79,
de-DE_JT1,1l_de-DE_male-JT1/Öffne das Fenster in der ersten Reihe.wav,realtime,de-DE,5.19,Öffne das Fenster in der ersten Reihe,Öffne das Fenster in der 1. Reihe.,0.1429,1,0,0,1,7,941.4,-950.0,410.4,410.4,realtime,1.32,3.84,none,1.32,3.84,,
de-DE_JT1,1l_de-DE_male-JT1/Öffne das Fenster in der ersten Reihe.wav,realtime_refine,de-DE,5.19,Öffne das Fenster in der ersten Reihe,öffne das Fenster in der ersten Reihe,0.0,0,0,0,0,7,919.9,-258.9,1101.7,1101.7,realtime,1.32,3.84,none,1.36,3.84,,
de-DE_JT1,1l_de-DE_male-JT1/Öffne das Fenster in der ersten Reihe.wav,fast_mai,de-DE,5.19,Öffne das Fenster in der ersten Reihe,Öffne das Fenster in der ersten Reihe.,0.0,0,0,0,0,7,4839.6,439.0,999.6,499.6,realtime,1.32,3.84,none,,,4.34,
de-DE_JT1,1l_de-DE_male-JT1/Öffne das Fenster in der ersten Reihe.wav,fast_llm,de-DE,5.19,Öffne das Fenster in der ersten Reihe,Öffne das Fenster in der ersten Reihe.,0.0,0,0,0,0,7,4894.4,493.5,1054.4,1024.4,realtime,1.32,3.84,none,,,4.34,
de-DE_JT1,1l_de-DE_male-JT1/Öffne das Fenster in der ersten Reihe.wav,fast_default,de-DE,5.19,Öffne das Fenster in der ersten Reihe,Öffne das Fenster in der 1. Reihe.,0.1429,1,0,0,1,7,4994.6,594.1,1154.8,1274.8,realtime,1.32,3.84,none,,,4.34,
de-DE_JT1,1l_de-DE_male-JT1/Scheinwerferhöhe auf mittel stellen.wav,realtime,de-DE,5.16,Scheinwerferhöhe auf mittel stellen,Scheinwerferhöhe auf Mittel stelle.,0.25,1,0,0,1,4,1246.3,-568.6,792.5,792.5,realtime,1.32,3.84,none,1.32,3.84,,
de-DE_JT1,1l_de-DE_male-JT1/Scheinwerferhöhe auf mittel stellen.wav,realtime_refine,de-DE,5.16,Scheinwerferhöhe auf mittel stellen,Scheinwerferhöhe auf Mittelstelle.,0.5,1,0,1,1,4,1268.4,-221.8,1178.8,1178.8,realtime,1.32,3.84,none,1.32,3.8,,
de-DE_JT1,1l_de-DE_male-JT1/Scheinwerferhöhe auf mittel stellen.wav,fast_llm,de-DE,5.16,Scheinwerferhöhe auf mittel stellen,Feinwerferhöhe auf Mittelstelle.,0.75,1,0,1,2,4,4874.9,474.3,1034.9,1084.9,realtime,1.32,3.84,none,,,4.34,
de-DE_JT1,1l_de-DE_male-JT1/Scheinwerferhöhe auf mittel stellen.wav,fast_default,de-DE,5.16,Scheinwerferhöhe auf mittel stellen,Scheinwerferhöhe auf Mittelstelle.,0.5,1,0,1,1,4,5007.0,607.4,1167.6,1247.6,realtime,1.32,3.84,none,,,4.34,
de-DE_JT1,1l_de-DE_male-JT1/Scheinwerferhöhe auf mittel stellen.wav,fast_mai,de-DE,5.16,Scheinwerferhöhe auf mittel stellen,Scheinwerferhöhe auf Mittelstelle.,0.5,1,0,1,1,4,4974.9,575.0,1135.3,635.3,realtime,1.32,3.84,none,,,4.34,
de-DE_JT1,1l_de-DE_male-JT1/Autofenster halb öffnen.wav,realtime,de-DE,4.4,Autofenster halb öffnen,Autofenster halb öffnen.,0.0,0,0,0,0,3,1265.3,-572.2,708.1,708.1,realtime,1.2,3.12,none,1.2,3.12,,
de-DE_JT1,1l_de-DE_male-JT1/Autofenster halb öffnen.wav,realtime_refine,de-DE,4.4,Autofenster halb öffnen,Autofenster halb öffnen,0.0,0,0,0,0,3,1246.8,-286.0,1044.1,1044.1,realtime,1.2,3.12,none,1.23,3.07,,
de-DE_JT1,1l_de-DE_male-JT1/Autofenster halb öffnen.wav,fast_llm,de-DE,4.4,Autofenster halb öffnen,Autofenster halb öffnen.,0.0,0,0,0,0,3,4156.0,455.0,1036.1,1006.1,realtime,1.2,3.12,none,,,3.62,
de-DE_JT1,1l_de-DE_male-JT1/Autofenster halb öffnen.wav,fast_mai,de-DE,4.4,Autofenster halb öffnen,Autofenster halb öffnen.,0.0,0,0,0,0,3,4295.4,594.9,1175.5,675.5,realtime,1.2,3.12,none,,,3.62,
de-DE_JT1,1l_de-DE_male-JT1/Autofenster halb öffnen.wav,fast_default,de-DE,4.4,Autofenster halb öffnen,Autofenster halb öffnen,0.0,0,0,0,0,3,4278.6,578.2,1158.6,1238.6,realtime,1.2,3.12,none,,,3.62,
de-DE_JT1,1l_de-DE_female-JT1/Kannst du die Lautstärke auf das Minimum einstellen.wav,realtime,de-DE,6.85,Kannst du die Lautstärke auf das Minimum einstellen,Da steht auf das Minimum einstellen.,0.5,1,0,2,2,8,1630.2,-1364.0,816.9,816.9,realtime,2.76,4.72,none,2.76,4.72,,
de-DE_JT1,1l_de-DE_female-JT1/Kannst du die Lautstärke auf das Minimum einstellen.wav,realtime_refine,de-DE,6.85,Kannst du die Lautstärke auf das Minimum einstellen,Lautstärke auf das Minimum einstellen,0.375,1,0,3,0,8,1578.5,-1031.9,1148.5,1148.5,realtime,2.76,4.72,none,2.8,4.72,,
de-DE_JT1,1l_de-DE_female-JT1/Kannst du die Lautstärke auf das Minimum einstellen.wav,fast_mai,de-DE,6.85,Kannst du die Lautstärke auf das Minimum einstellen,Die Lautstärke auf das Minimum einstellen.,0.25,1,0,2,0,8,5780.4,479.4,1060.5,560.5,realtime,2.76,4.72,none,,,5.22,
de-DE_JT1,1l_de-DE_female-JT1/Kannst du die Lautstärke auf das Minimum einstellen.wav,fast_llm,de-DE,6.85,Kannst du die Lautstärke auf das Minimum einstellen,Lautstärke auf das Minimum einstellen.,0.375,1,0,3,0,8,5819.9,519.0,1100.0,1070.0,realtime,2.76,4.72,none,,,5.22,
de-DE_JT1,1l_de-DE_female-JT1/Kannst du die Lautstärke auf das Minimum einstellen.wav,fast_default,de-DE,6.85,Kannst du die Lautstärke auf das Minimum einstellen,Don't check out this minimum einstein.,0.875,1,0,1,6,8,5949.9,648.9,1229.9,1229.9,realtime,2.76,4.72,none,,,5.22,
de-DE_JT1,1l_de-DE_male-JT1/Wechseln Sie in den detaillierten Berichtsmodus.wav,realtime,de-DE,6.7,Wechseln Sie in den detaillierten Berichtsmodus,Wechseln Sie in den detaillierten Berichtsmodus.,0.0,0,0,0,0,6,1371.2,-564.9,735.5,735.5,realtime,1.2,5.4,none,1.2,5.4,,
de-DE_JT1,1l_de-DE_male-JT1/Wechseln Sie in den detaillierten Berichtsmodus.wav,realtime_refine,de-DE,6.7,Wechseln Sie in den detaillierten Berichtsmodus,Wechseln Sie in den detaillierten Berichtsmodus.,0.0,0,0,0,0,6,1334.0,-196.3,1113.9,1113.9,realtime,1.2,5.4,none,1.23,5.39,,
de-DE_JT1,1l_de-DE_male-JT1/Wechseln Sie in den detaillierten Berichtsmodus.wav,fast_mai,de-DE,6.7,Wechseln Sie in den detaillierten Berichtsmodus,Wechseln Sie in den detaillierten Berichtsmodus.,0.0,0,0,0,0,6,6395.1,494.6,995.2,495.2,realtime,1.2,5.4,none,,,5.9,
de-DE_JT1,1l_de-DE_male-JT1/Wechseln Sie in den detaillierten Berichtsmodus.wav,fast_llm,de-DE,6.7,Wechseln Sie in den detaillierten Berichtsmodus,Wechseln Sie in den detaillierten Berichtsmodus.,0.0,0,0,0,0,6,6423.6,523.0,1023.7,1033.7,realtime,1.2,5.4,none,,,5.9,
de-DE_JT1,1l_de-DE_male-JT1/Wechseln Sie in den detaillierten Berichtsmodus.wav,fast_default,de-DE,6.7,Wechseln Sie in den detaillierten Berichtsmodus,Wechseln Sie in den detaillierten Berichtsmodus.,0.0,0,0,0,0,6,6562.1,661.2,1162.2,1202.2,realtime,1.2,5.4,none,,,5.9,
de-DE_JT1,1l_de-DE_male-JT1/Außenluftzirkulation einschalten.wav,realtime,de-DE,5.67,Außenluftzirkulation einschalten,Außenluftzirkulation einschalten.,0.0,0,0,0,0,2,1315.5,-1263.9,396.8,396.8,realtime,1.28,4.04,none,1.28,4.04,,
de-DE_JT1,1l_de-DE_male-JT1/Außenluftzirkulation einschalten.wav,realtime_refine,de-DE,5.67,Außenluftzirkulation einschalten,Aussenluftzirkulation einschalten,0.5,1,0,0,1,2,1315.9,-536.0,1084.7,1084.7,realtime,1.28,4.04,none,1.32,4.08,,
de-DE_JT1,1l_de-DE_male-JT1/Außenluftzirkulation einschalten.wav,fast_llm,de-DE,5.67,Außenluftzirkulation einschalten,Außenluftzirkulation einschalten,0.0,0,0,0,0,2,5069.0,468.7,1029.1,959.1,realtime,1.28,4.04,none,,,4.54,
de-DE_JT1,1l_de-DE_male-JT1/Außenluftzirkulation einschalten.wav,fast_mai,de-DE,5.67,Außenluftzirkulation einschalten,Außenluftzirkulation einschalten.,0.0,0,0,0,0,2,5051.1,450.8,1011.2,511.2,realtime,1.28,4.04,none,,,4.54,
de-DE_JT1,1l_de-DE_male-JT1/Außenluftzirkulation einschalten.wav,fast_default,de-DE,5.67,Außenluftzirkulation einschalten,Aussenluftzirkulation einschalten,0.5,1,0,0,1,2,5217.6,617.2,1177.7,1177.7,realtime,1.28,4.04,none,,,4.54,
de-DE_JT1,1l_de-DE_female-JT1/Linke Rücksitzbelüftung auf Minimum.wav,realtime,de-DE,8.17,Linke Rücksitzbelüftung auf Minimum,Belüftung auf Minimum.,0.5,1,0,1,1,4,1386.2,-2103.6,877.3,877.3,realtime,3.98,5.22,none,3.98,5.22,,
de-DE_JT1,1l_de-DE_female-JT1/Linke Rücksitzbelüftung auf Minimum.wav,realtime_refine,de-DE,8.17,Linke Rücksitzbelüftung auf Minimum,Belüftung auf Minimum,0.5,1,0,1,1,4,1477.4,-1733.0,1207.6,1207.6,realtime,3.98,5.22,none,3.9,5.26,,
de-DE_JT1,1l_de-DE_female-JT1/Linke Rücksitzbelüftung auf Minimum.wav,fast_llm,de-DE,8.17,Linke Rücksitzbelüftung auf Minimum,Den Verkehrssignallärm auf Minimum.,0.5,1,0,0,2,4,6280.7,480.2,1060.8,970.8,realtime,3.98,5.22,none,,,5.72,
de-DE_JT1,1l_de-DE_female-JT1/Linke Rücksitzbelüftung auf Minimum.wav,fast_mai,de-DE,8.17,Linke Rücksitzbelüftung auf Minimum,Nehmen Sie Rücksitzbelüftung auf Minimum.,0.5,1,1,0,1,4,6308.2,507.8,1088.3,588.3,realtime,3.98,5.22,none,,,5.72,
de-DE_JT1,1l_de-DE_female-JT1/Linke Rücksitzbelüftung auf Minimum.wav,fast_default,de-DE,8.17,Linke Rücksitzbelüftung auf Minimum,Belüftung auf Minimum.,0.5,1,0,1,1,4,6386.3,586.1,1166.4,1186.4,realtime,3.98,5.22,none,,,5.72,
